date,MCT_score,INT_score,scenario
2023-03-28 19:10:08.932882,9.348832137106118,17.008859961841658,Iran-Israel 2026 (Epic Fury)
2023-03-29 19:10:08.932882,8.879445700561169,15.040467510273869,Iran-Israel 2026 (Epic Fury)
2023-03-30 19:10:08.932882,10.209359299137281,12.981171234971661,Iran-Israel 2026 (Epic Fury)
2023-03-31 19:10:08.932882,17.2692280821352,14.634353356681997,Iran-Israel 2026 (Epic Fury)
2023-04-01 19:10:08.932882,13.138157473453218,20.964493389697054,Iran-Israel 2026 (Epic Fury)
2023-04-02 19:10:08.932882,6.748070943174815,16.956924404695545,Iran-Israel 2026 (Epic Fury)
2023-04-03 19:10:08.932882,16.684729066300722,18.881047605312858,Iran-Israel 2026 (Epic Fury)
2023-04-04 19:10:08.932882,14.022156673737857,29.945417539436093,Iran-Israel 2026 (Epic Fury)
2023-04-05 19:10:08.932882,15.859164875209922,14.481773758096706,Iran-Israel 2026 (Epic Fury)
2023-04-06 19:10:08.932882,10.739580703153948,15.74181621345681,Iran-Israel 2026 (Epic Fury)
2023-04-07 19:10:08.932882,18.089743435718646,18.543914393343506,Iran-Israel 2026 (Epic Fury)
2023-04-08 19:10:08.932882,5.291098432502236,13.790442094422131,Iran-Israel 2026 (Epic Fury)
2023-04-09 19:10:08.932882,15.328864889035064,13.844273420236181,Iran-Israel 2026 (Epic Fury)
2023-04-10 19:10:08.932882,11.038894050069338,21.604337600050076,Iran-Israel 2026 (Epic Fury)
2023-04-11 19:10:08.932882,13.044460412686837,29.2621076075678,Iran-Israel 2026 (Epic Fury)
2023-04-12 19:10:08.932882,18.940418985885984,11.63339131554455,Iran-Israel 2026 (Epic Fury)
2023-04-13 19:10:08.932882,14.66222296887644,27.070517655697888,Iran-Israel 2026 (Epic Fury)
2023-04-14 19:10:08.932882,16.914631455483566,13.391158028816118,Iran-Israel 2026 (Epic Fury)
2023-04-15 19:10:08.932882,18.477024154814785,21.402719769531252,Iran-Israel 2026 (Epic Fury)
2023-04-16 19:10:08.932882,5.312740097128081,29.738726048969117,Iran-Israel 2026 (Epic Fury)
2023-04-17 19:10:08.932882,11.54078864206798,15.201148816629757,Iran-Israel 2026 (Epic Fury)
2023-04-18 19:10:08.932882,5.732994104485183,10.162795936245141,Iran-Israel 2026 (Epic Fury)
2023-04-19 19:10:08.932882,8.298793416779796,15.47179392982828,Iran-Israel 2026 (Epic Fury)
2023-04-20 19:10:08.932882,13.068068182930416,28.29707106716023,Iran-Israel 2026 (Epic Fury)
2023-04-21 19:10:08.932882,19.223182326314703,28.725569948619444,Iran-Israel 2026 (Epic Fury)
2023-04-22 19:10:08.932882,8.529178947041078,19.65622518227741,Iran-Israel 2026 (Epic Fury)
2023-04-23 19:10:08.932882,12.74894216821444,15.41332568741186,Iran-Israel 2026 (Epic Fury)
2023-04-24 19:10:08.932882,11.840736943387576,21.558329109100285,Iran-Israel 2026 (Epic Fury)
2023-04-25 19:10:08.932882,8.51507720013771,21.138831741909534,Iran-Israel 2026 (Epic Fury)
2023-04-26 19:10:08.932882,13.853057559413639,21.505267211017483,Iran-Israel 2026 (Epic Fury)
2023-04-27 19:10:08.932882,11.495771628621963,23.035917863414923,Iran-Israel 2026 (Epic Fury)
2023-04-28 19:10:08.932882,7.20626336079299,10.223902483933605,Iran-Israel 2026 (Epic Fury)
2023-04-29 19:10:08.932882,13.132567913054695,20.754154232110377,Iran-Israel 2026 (Epic Fury)
2023-04-30 19:10:08.932882,11.497761974046222,12.004520688740197,Iran-Israel 2026 (Epic Fury)
2023-05-01 19:10:08.932882,15.895339140204767,14.23715231256949,Iran-Israel 2026 (Epic Fury)
2023-05-02 19:10:08.932882,12.67224512579483,24.286906195084036,Iran-Israel 2026 (Epic Fury)
2023-05-03 19:10:08.932882,8.025796585839096,23.547473058599806,Iran-Israel 2026 (Epic Fury)
2023-05-04 19:10:08.932882,18.151972102854987,18.135452761206526,Iran-Israel 2026 (Epic Fury)
2023-05-05 19:10:08.932882,17.091926866022252,16.201049701193135,Iran-Israel 2026 (Epic Fury)
2023-05-06 19:10:08.932882,8.862797377716362,28.667752513019092,Iran-Israel 2026 (Epic Fury)
2023-05-07 19:10:08.932882,18.70941206702095,22.877929871695773,Iran-Israel 2026 (Epic Fury)
2023-05-08 19:10:08.932882,12.688025028229681,28.3999628725524,Iran-Israel 2026 (Epic Fury)
2023-05-09 19:10:08.932882,18.178357100921794,23.561535173725208,Iran-Israel 2026 (Epic Fury)
2023-05-10 19:10:08.932882,7.549558164366576,22.867430479701515,Iran-Israel 2026 (Epic Fury)
2023-05-11 19:10:08.932882,5.0299863214117115,25.83460133043695,Iran-Israel 2026 (Epic Fury)
2023-05-12 19:10:08.932882,14.484117441133565,10.761043363297473,Iran-Israel 2026 (Epic Fury)
2023-05-13 19:10:08.932882,13.351071068190468,19.0410894224451,Iran-Israel 2026 (Epic Fury)
2023-05-14 19:10:08.932882,5.953151319677903,15.771710801337054,Iran-Israel 2026 (Epic Fury)
2023-05-15 19:10:08.932882,9.71705175477542,12.685228771292735,Iran-Israel 2026 (Epic Fury)
2023-05-16 19:10:08.932882,16.036626146496772,17.75676022538686,Iran-Israel 2026 (Epic Fury)
2023-05-17 19:10:08.932882,7.744698833072414,14.787347015274468,Iran-Israel 2026 (Epic Fury)
2023-05-18 19:10:08.932882,11.57325936879861,11.343747728594906,Iran-Israel 2026 (Epic Fury)
2023-05-19 19:10:08.932882,8.552585477223493,14.214676247257582,Iran-Israel 2026 (Epic Fury)
2023-05-20 19:10:08.932882,17.520989599587015,26.303096261389165,Iran-Israel 2026 (Epic Fury)
2023-05-21 19:10:08.932882,6.351411994814237,14.896963924392885,Iran-Israel 2026 (Epic Fury)
2023-05-22 19:10:08.932882,10.921128900298523,16.893910521841512,Iran-Israel 2026 (Epic Fury)
2023-05-23 19:10:08.932882,6.105616639114158,29.467151546381405,Iran-Israel 2026 (Epic Fury)
2023-05-24 19:10:08.932882,11.636766327455701,10.388926740280395,Iran-Israel 2026 (Epic Fury)
2023-05-25 19:10:08.932882,12.081693174567404,12.757996577214639,Iran-Israel 2026 (Epic Fury)
2023-05-26 19:10:08.932882,11.634703341282282,20.041763937616764,Iran-Israel 2026 (Epic Fury)
2023-05-27 19:10:08.932882,6.1110887082643135,20.575136247439872,Iran-Israel 2026 (Epic Fury)
2023-05-28 19:10:08.932882,8.61099642931223,14.801647958660256,Iran-Israel 2026 (Epic Fury)
2023-05-29 19:10:08.932882,15.524290101737462,22.40200611401861,Iran-Israel 2026 (Epic Fury)
2023-05-30 19:10:08.932882,11.110179847568386,20.80689973061797,Iran-Israel 2026 (Epic Fury)
2023-05-31 19:10:08.932882,7.770326126329332,12.266683578394794,Iran-Israel 2026 (Epic Fury)
2023-06-01 19:10:08.932882,5.207137747548963,26.627450028099076,Iran-Israel 2026 (Epic Fury)
2023-06-02 19:10:08.932882,9.038356112143084,11.517947092694417,Iran-Israel 2026 (Epic Fury)
2023-06-03 19:10:08.932882,15.07259001085189,16.027411899639397,Iran-Israel 2026 (Epic Fury)
2023-06-04 19:10:08.932882,18.109237714407634,24.84606021839031,Iran-Israel 2026 (Epic Fury)
2023-06-05 19:10:08.932882,7.482839776879973,14.189433642308808,Iran-Israel 2026 (Epic Fury)
2023-06-06 19:10:08.932882,12.797645984095166,27.69890670185569,Iran-Israel 2026 (Epic Fury)
2023-06-07 19:10:08.932882,9.348544069212256,10.682193389028212,Iran-Israel 2026 (Epic Fury)
2023-06-08 19:10:08.932882,10.791107299935707,18.357244180827056,Iran-Israel 2026 (Epic Fury)
2023-06-09 19:10:08.932882,19.981352817660913,16.838807036098217,Iran-Israel 2026 (Epic Fury)
2023-06-10 19:10:08.932882,18.39345773729452,26.695836970863294,Iran-Israel 2026 (Epic Fury)
2023-06-11 19:10:08.932882,12.12608273144923,19.71943900106644,Iran-Israel 2026 (Epic Fury)
2023-06-12 19:10:08.932882,18.00931225082268,16.76232514070932,Iran-Israel 2026 (Epic Fury)
2023-06-13 19:10:08.932882,14.216703436397953,25.492405913449524,Iran-Israel 2026 (Epic Fury)
2023-06-14 19:10:08.932882,12.291192701743604,11.92822954884754,Iran-Israel 2026 (Epic Fury)
2023-06-15 19:10:08.932882,18.30526373870436,18.51263692182727,Iran-Israel 2026 (Epic Fury)
2023-06-16 19:10:08.932882,9.909691296447015,27.815945842934767,Iran-Israel 2026 (Epic Fury)
2023-06-17 19:10:08.932882,15.035443135549578,25.90177074587535,Iran-Israel 2026 (Epic Fury)
2023-06-18 19:10:08.932882,16.321147139238647,18.56548931301262,Iran-Israel 2026 (Epic Fury)
2023-06-19 19:10:08.932882,18.88420820122733,18.138866636709444,Iran-Israel 2026 (Epic Fury)
2023-06-20 19:10:08.932882,16.895049609223065,21.53842527050298,Iran-Israel 2026 (Epic Fury)
2023-06-21 19:10:08.932882,12.518005184614974,14.877804303314564,Iran-Israel 2026 (Epic Fury)
2023-06-22 19:10:08.932882,19.34027592063611,27.155223424215237,Iran-Israel 2026 (Epic Fury)
2023-06-23 19:10:08.932882,5.140513407144881,29.061480404442882,Iran-Israel 2026 (Epic Fury)
2023-06-24 19:10:08.932882,10.548968247807375,14.442821750692652,Iran-Israel 2026 (Epic Fury)
2023-06-25 19:10:08.932882,12.795646199695238,17.65277717925116,Iran-Israel 2026 (Epic Fury)
2023-06-26 19:10:08.932882,12.67036310664282,23.873298977152352,Iran-Israel 2026 (Epic Fury)
2023-06-27 19:10:08.932882,13.75061933210114,14.068893436098193,Iran-Israel 2026 (Epic Fury)
2023-06-28 19:10:08.932882,14.747949463204032,27.44591123486504,Iran-Israel 2026 (Epic Fury)
2023-06-29 19:10:08.932882,13.652235298816217,25.286833157587747,Iran-Israel 2026 (Epic Fury)
2023-06-30 19:10:08.932882,9.780670974083126,25.603769958176592,Iran-Israel 2026 (Epic Fury)
2023-07-01 19:10:08.932882,13.914475774357848,10.029256508933075,Iran-Israel 2026 (Epic Fury)
2023-07-02 19:10:08.932882,9.105855443583934,29.261138771587397,Iran-Israel 2026 (Epic Fury)
2023-07-03 19:10:08.932882,15.519458015485872,25.21468971790468,Iran-Israel 2026 (Epic Fury)
2023-07-04 19:10:08.932882,8.358642772575795,20.824842967035856,Iran-Israel 2026 (Epic Fury)
2023-07-05 19:10:08.932882,11.190955133800195,21.024128738763892,Iran-Israel 2026 (Epic Fury)
2023-07-06 19:10:08.932882,10.365588852009484,17.65784888258027,Iran-Israel 2026 (Epic Fury)
2023-07-07 19:10:08.932882,6.371645972079667,13.39344495378154,Iran-Israel 2026 (Epic Fury)
2023-07-08 19:10:08.932882,8.6796638566103,14.765265197060264,Iran-Israel 2026 (Epic Fury)
2023-07-09 19:10:08.932882,10.125458216501244,26.91513226408206,Iran-Israel 2026 (Epic Fury)
2023-07-10 19:10:08.932882,7.868894392395992,20.20752954553788,Iran-Israel 2026 (Epic Fury)
2023-07-11 19:10:08.932882,13.381657082459338,29.22178831558196,Iran-Israel 2026 (Epic Fury)
2023-07-12 19:10:08.932882,5.742945983808527,21.12388037147991,Iran-Israel 2026 (Epic Fury)
2023-07-13 19:10:08.932882,19.15272175249164,25.30075437248108,Iran-Israel 2026 (Epic Fury)
2023-07-14 19:10:08.932882,18.245674685944124,20.05251001959419,Iran-Israel 2026 (Epic Fury)
2023-07-15 19:10:08.932882,13.222751792433519,10.530698789708373,Iran-Israel 2026 (Epic Fury)
2023-07-16 19:10:08.932882,6.6450292422718995,19.71027110168831,Iran-Israel 2026 (Epic Fury)
2023-07-17 19:10:08.932882,14.005184675155634,21.140291135986754,Iran-Israel 2026 (Epic Fury)
2023-07-18 19:10:08.932882,18.563181332227238,25.416850488498035,Iran-Israel 2026 (Epic Fury)
2023-07-19 19:10:08.932882,7.548390333417165,20.67440394874007,Iran-Israel 2026 (Epic Fury)
2023-07-20 19:10:08.932882,19.517777667280008,23.461334241407478,Iran-Israel 2026 (Epic Fury)
2023-07-21 19:10:08.932882,10.347125086786324,20.959284008954526,Iran-Israel 2026 (Epic Fury)
2023-07-22 19:10:08.932882,6.591033619478434,27.900362007034946,Iran-Israel 2026 (Epic Fury)
2023-07-23 19:10:08.932882,13.058004951885591,29.555409141500224,Iran-Israel 2026 (Epic Fury)
2023-07-24 19:10:08.932882,16.156771428892526,23.195354389902324,Iran-Israel 2026 (Epic Fury)
2023-07-25 19:10:08.932882,18.79247025048479,14.351195514854753,Iran-Israel 2026 (Epic Fury)
2023-07-26 19:10:08.932882,11.447577147635908,10.45494030280151,Iran-Israel 2026 (Epic Fury)
2023-07-27 19:10:08.932882,14.738364035484539,13.23349968714304,Iran-Israel 2026 (Epic Fury)
2023-07-28 19:10:08.932882,11.612831446470985,18.951855874509846,Iran-Israel 2026 (Epic Fury)
2023-07-29 19:10:08.932882,14.340583563130666,26.125970069006133,Iran-Israel 2026 (Epic Fury)
2023-07-30 19:10:08.932882,9.418383780234095,13.825692297682892,Iran-Israel 2026 (Epic Fury)
2023-07-31 19:10:08.932882,12.944252761495422,28.005429224644978,Iran-Israel 2026 (Epic Fury)
2023-08-01 19:10:08.932882,12.424492506787182,23.62580083591954,Iran-Israel 2026 (Epic Fury)
2023-08-02 19:10:08.932882,12.293922895626293,24.435368591997992,Iran-Israel 2026 (Epic Fury)
2023-08-03 19:10:08.932882,18.127163379783564,17.012151323906245,Iran-Israel 2026 (Epic Fury)
2023-08-04 19:10:08.932882,19.700710504696847,24.94927995049353,Iran-Israel 2026 (Epic Fury)
2023-08-05 19:10:08.932882,10.132434096097862,13.286149249525822,Iran-Israel 2026 (Epic Fury)
2023-08-06 19:10:08.932882,19.352391238972665,21.592028043457386,Iran-Israel 2026 (Epic Fury)
2023-08-07 19:10:08.932882,10.591589246740599,25.241813962365935,Iran-Israel 2026 (Epic Fury)
2023-08-08 19:10:08.932882,17.4282153737709,17.293523861699562,Iran-Israel 2026 (Epic Fury)
2023-08-09 19:10:08.932882,16.99084514089442,23.37871436343103,Iran-Israel 2026 (Epic Fury)
2023-08-10 19:10:08.932882,12.561288614347745,28.424151162127796,Iran-Israel 2026 (Epic Fury)
2023-08-11 19:10:08.932882,19.091288649223294,19.34505948695381,Iran-Israel 2026 (Epic Fury)
2023-08-12 19:10:08.932882,12.228264277334999,21.422602134342164,Iran-Israel 2026 (Epic Fury)
2023-08-13 19:10:08.932882,8.955075994067688,15.10900436104097,Iran-Israel 2026 (Epic Fury)
2023-08-14 19:10:08.932882,16.69036705115544,17.97033435058283,Iran-Israel 2026 (Epic Fury)
2023-08-15 19:10:08.932882,11.819223570274525,28.79280432622936,Iran-Israel 2026 (Epic Fury)
2023-08-16 19:10:08.932882,15.155010691229492,10.132367643504857,Iran-Israel 2026 (Epic Fury)
2023-08-17 19:10:08.932882,14.870654606966896,27.061132016635636,Iran-Israel 2026 (Epic Fury)
2023-08-18 19:10:08.932882,17.62125179417876,22.889875460676894,Iran-Israel 2026 (Epic Fury)
2023-08-19 19:10:08.932882,18.69303467169972,17.897435657195615,Iran-Israel 2026 (Epic Fury)
2023-08-20 19:10:08.932882,8.501197266758986,12.102711823985647,Iran-Israel 2026 (Epic Fury)
2023-08-21 19:10:08.932882,16.33191337904499,14.756573061614686,Iran-Israel 2026 (Epic Fury)
2023-08-22 19:10:08.932882,18.406378057705933,19.30908144640814,Iran-Israel 2026 (Epic Fury)
2023-08-23 19:10:08.932882,17.425674836445204,18.795663729851718,Iran-Israel 2026 (Epic Fury)
2023-08-24 19:10:08.932882,16.880532534775192,19.387848157176798,Iran-Israel 2026 (Epic Fury)
2023-08-25 19:10:08.932882,13.374867465847824,26.939362649885442,Iran-Israel 2026 (Epic Fury)
2023-08-26 19:10:08.932882,17.67096093627459,21.574838475110184,Iran-Israel 2026 (Epic Fury)
2023-08-27 19:10:08.932882,7.2379668977394624,11.76634213797386,Iran-Israel 2026 (Epic Fury)
2023-08-28 19:10:08.932882,6.5556941215469555,10.296128233639191,Iran-Israel 2026 (Epic Fury)
2023-08-29 19:10:08.932882,5.249283517739233,23.094433297328386,Iran-Israel 2026 (Epic Fury)
2023-08-30 19:10:08.932882,11.012786753248058,11.728101511525102,Iran-Israel 2026 (Epic Fury)
2023-08-31 19:10:08.932882,9.602190647214433,19.665659389872268,Iran-Israel 2026 (Epic Fury)
2023-09-01 19:10:08.932882,12.118596896625547,14.296799042013212,Iran-Israel 2026 (Epic Fury)
2023-09-02 19:10:08.932882,6.095726975232877,29.78176598180776,Iran-Israel 2026 (Epic Fury)
2023-09-03 19:10:08.932882,12.546970933773062,18.853005277535253,Iran-Israel 2026 (Epic Fury)
2023-09-04 19:10:08.932882,14.53685403113269,21.110113736213723,Iran-Israel 2026 (Epic Fury)
2023-09-05 19:10:08.932882,13.102098733641236,11.98120797682855,Iran-Israel 2026 (Epic Fury)
2023-09-06 19:10:08.932882,19.501398256459176,10.660875781693509,Iran-Israel 2026 (Epic Fury)
2023-09-07 19:10:08.932882,7.792622206659529,14.936432842339677,Iran-Israel 2026 (Epic Fury)
2023-09-08 19:10:08.932882,12.521960390886623,19.16135229234509,Iran-Israel 2026 (Epic Fury)
2023-09-09 19:10:08.932882,19.76738482135221,10.643934600700025,Iran-Israel 2026 (Epic Fury)
2023-09-10 19:10:08.932882,14.445395263031285,16.341470342576102,Iran-Israel 2026 (Epic Fury)
2023-09-11 19:10:08.932882,19.791813120389875,24.676244718774903,Iran-Israel 2026 (Epic Fury)
2023-09-12 19:10:08.932882,5.046589473598695,25.827801775671375,Iran-Israel 2026 (Epic Fury)
2023-09-13 19:10:08.932882,13.082631009781071,18.819538011961086,Iran-Israel 2026 (Epic Fury)
2023-09-14 19:10:08.932882,13.595407301746233,23.92814788456917,Iran-Israel 2026 (Epic Fury)
2023-09-15 19:10:08.932882,5.539756607796509,26.1447193428322,Iran-Israel 2026 (Epic Fury)
2023-09-16 19:10:08.932882,15.609869853494615,21.402572247146445,Iran-Israel 2026 (Epic Fury)
2023-09-17 19:10:08.932882,8.876638473961606,23.999468062676478,Iran-Israel 2026 (Epic Fury)
2023-09-18 19:10:08.932882,17.2819489865892,22.59428665635486,Iran-Israel 2026 (Epic Fury)
2023-09-19 19:10:08.932882,16.228151591050494,18.550749279321984,Iran-Israel 2026 (Epic Fury)
2023-09-20 19:10:08.932882,7.578473461373187,12.475999037484037,Iran-Israel 2026 (Epic Fury)
2023-09-21 19:10:08.932882,10.883555465873453,13.658586327707296,Iran-Israel 2026 (Epic Fury)
2023-09-22 19:10:08.932882,15.025173624432973,27.507929953261502,Iran-Israel 2026 (Epic Fury)
2023-09-23 19:10:08.932882,15.883088246365293,10.962874791174267,Iran-Israel 2026 (Epic Fury)
2023-09-24 19:10:08.932882,6.981710836757028,27.486759599498946,Iran-Israel 2026 (Epic Fury)
2023-09-25 19:10:08.932882,12.158041852704844,28.000586783127844,Iran-Israel 2026 (Epic Fury)
2023-09-26 19:10:08.932882,9.838503028034495,17.037485469547768,Iran-Israel 2026 (Epic Fury)
2023-09-27 19:10:08.932882,16.56807976501937,19.46864382487457,Iran-Israel 2026 (Epic Fury)
2023-09-28 19:10:08.932882,8.588569657017477,19.31781221212474,Iran-Israel 2026 (Epic Fury)
2023-09-29 19:10:08.932882,13.446611592402878,17.807085959277163,Iran-Israel 2026 (Epic Fury)
2023-09-30 19:10:08.932882,15.167578510581594,11.71174658088784,Iran-Israel 2026 (Epic Fury)
2023-10-01 19:10:08.932882,16.77338996040387,20.050552673628754,Iran-Israel 2026 (Epic Fury)
2023-10-02 19:10:08.932882,7.791982396124657,13.088400537300267,Iran-Israel 2026 (Epic Fury)
2023-10-03 19:10:08.932882,8.930205794900576,11.370540235752882,Iran-Israel 2026 (Epic Fury)
2023-10-04 19:10:08.932882,15.720432326097608,13.960621778040798,Iran-Israel 2026 (Epic Fury)
2023-10-05 19:10:08.932882,6.237876770520296,11.811593002831149,Iran-Israel 2026 (Epic Fury)
2023-10-06 19:10:08.932882,6.974113063887495,27.756891934949685,Iran-Israel 2026 (Epic Fury)
2023-10-07 19:10:08.932882,9.943973934452192,15.508775090160247,Iran-Israel 2026 (Epic Fury)
2023-10-08 19:10:08.932882,10.759100877422483,12.227219453345606,Iran-Israel 2026 (Epic Fury)
2023-10-09 19:10:08.932882,6.513088699985204,17.70396378695139,Iran-Israel 2026 (Epic Fury)
2023-10-10 19:10:08.932882,7.6120085163271005,25.769990809454296,Iran-Israel 2026 (Epic Fury)
2023-10-11 19:10:08.932882,13.27310670335324,26.610982297470834,Iran-Israel 2026 (Epic Fury)
2023-10-12 19:10:08.932882,12.808088804646445,15.769180050197935,Iran-Israel 2026 (Epic Fury)
2023-10-13 19:10:08.932882,5.066356487884239,10.037387588627215,Iran-Israel 2026 (Epic Fury)
2023-10-14 19:10:08.932882,8.697503709527696,27.24436839227918,Iran-Israel 2026 (Epic Fury)
2023-10-15 19:10:08.932882,13.010822541928317,16.119559963761105,Iran-Israel 2026 (Epic Fury)
2023-10-16 19:10:08.932882,10.296719290660224,21.291174921625483,Iran-Israel 2026 (Epic Fury)
2023-10-17 19:10:08.932882,16.772711532951018,21.85455470964494,Iran-Israel 2026 (Epic Fury)
2023-10-18 19:10:08.932882,6.117175843201565,18.470404366083933,Iran-Israel 2026 (Epic Fury)
2023-10-19 19:10:08.932882,19.716031316123363,15.352068212119276,Iran-Israel 2026 (Epic Fury)
2023-10-20 19:10:08.932882,19.231320445770855,17.68069516480704,Iran-Israel 2026 (Epic Fury)
2023-10-21 19:10:08.932882,6.8036588211018945,27.673491853747795,Iran-Israel 2026 (Epic Fury)
2023-10-22 19:10:08.932882,17.660759666688758,29.33838324823004,Iran-Israel 2026 (Epic Fury)
2023-10-23 19:10:08.932882,15.004775439906297,18.861064044838812,Iran-Israel 2026 (Epic Fury)
2023-10-24 19:10:08.932882,8.325839642030886,24.786749117702456,Iran-Israel 2026 (Epic Fury)
2023-10-25 19:10:08.932882,16.84437954241954,20.128491292528235,Iran-Israel 2026 (Epic Fury)
2023-10-26 19:10:08.932882,18.800492157791098,20.941650988217585,Iran-Israel 2026 (Epic Fury)
2023-10-27 19:10:08.932882,9.127639348813089,16.822256202310797,Iran-Israel 2026 (Epic Fury)
2023-10-28 19:10:08.932882,14.142241522084515,11.66460268227026,Iran-Israel 2026 (Epic Fury)
2023-10-29 19:10:08.932882,12.517704156625058,25.518511956250094,Iran-Israel 2026 (Epic Fury)
2023-10-30 19:10:08.932882,13.046707262570871,19.31506237354175,Iran-Israel 2026 (Epic Fury)
2023-10-31 19:10:08.932882,16.477467065831412,10.290248231025059,Iran-Israel 2026 (Epic Fury)
2023-11-01 19:10:08.932882,11.456330626229512,23.436159950398107,Iran-Israel 2026 (Epic Fury)
2023-11-02 19:10:08.932882,19.335522363434936,28.700198226074725,Iran-Israel 2026 (Epic Fury)
2023-11-03 19:10:08.932882,6.562157080348811,10.782948390770915,Iran-Israel 2026 (Epic Fury)
2023-11-04 19:10:08.932882,17.18566257081619,15.865980029012643,Iran-Israel 2026 (Epic Fury)
2023-11-05 19:10:08.932882,9.280498320450207,27.70749461235951,Iran-Israel 2026 (Epic Fury)
2023-11-06 19:10:08.932882,9.781456871921467,21.735278778063616,Iran-Israel 2026 (Epic Fury)
2023-11-07 19:10:08.932882,12.533324560875236,19.22330334894079,Iran-Israel 2026 (Epic Fury)
2023-11-08 19:10:08.932882,16.90088880103999,17.519401961186357,Iran-Israel 2026 (Epic Fury)
2023-11-09 19:10:08.932882,5.32434605365032,12.363095583325943,Iran-Israel 2026 (Epic Fury)
2023-11-10 19:10:08.932882,19.003435548500875,10.790499124531463,Iran-Israel 2026 (Epic Fury)
2023-11-11 19:10:08.932882,18.465131622994953,21.047063179882244,Iran-Israel 2026 (Epic Fury)
2023-11-12 19:10:08.932882,18.045900126886036,25.344382875127483,Iran-Israel 2026 (Epic Fury)
2023-11-13 19:10:08.932882,6.724470247254003,19.10707246873785,Iran-Israel 2026 (Epic Fury)
2023-11-14 19:10:08.932882,13.89283407463576,28.50032930763747,Iran-Israel 2026 (Epic Fury)
2023-11-15 19:10:08.932882,6.27995478477488,27.938064016424082,Iran-Israel 2026 (Epic Fury)
2023-11-16 19:10:08.932882,15.152398175899988,27.480636977849517,Iran-Israel 2026 (Epic Fury)
2023-11-17 19:10:08.932882,17.553726120014026,22.82726408636918,Iran-Israel 2026 (Epic Fury)
2023-11-18 19:10:08.932882,6.497533187019329,12.916449309225577,Iran-Israel 2026 (Epic Fury)
2023-11-19 19:10:08.932882,5.559087152511769,29.318283058639345,Iran-Israel 2026 (Epic Fury)
2023-11-20 19:10:08.932882,13.465902485590059,19.061166317659115,Iran-Israel 2026 (Epic Fury)
2023-11-21 19:10:08.932882,11.365721675625387,15.526194427720924,Iran-Israel 2026 (Epic Fury)
2023-11-22 19:10:08.932882,19.119657653815764,11.866663959696401,Iran-Israel 2026 (Epic Fury)
2023-11-23 19:10:08.932882,19.63894530681101,10.850677264809608,Iran-Israel 2026 (Epic Fury)
2023-11-24 19:10:08.932882,8.491350873306526,11.85177973726481,Iran-Israel 2026 (Epic Fury)
2023-11-25 19:10:08.932882,12.447222244582049,11.824679082977042,Iran-Israel 2026 (Epic Fury)
2023-11-26 19:10:08.932882,9.005364051793128,28.55200881202861,Iran-Israel 2026 (Epic Fury)
2023-11-27 19:10:08.932882,14.836140226072805,12.529293543662959,Iran-Israel 2026 (Epic Fury)
2023-11-28 19:10:08.932882,18.935457484036572,28.270027521065487,Iran-Israel 2026 (Epic Fury)
2023-11-29 19:10:08.932882,18.51771677430806,16.332821834694215,Iran-Israel 2026 (Epic Fury)
2023-11-30 19:10:08.932882,11.622502663002784,28.585535835919725,Iran-Israel 2026 (Epic Fury)
2023-12-01 19:10:08.932882,13.445147968483449,19.558857045684515,Iran-Israel 2026 (Epic Fury)
2023-12-02 19:10:08.932882,7.483554134854076,14.08120441883391,Iran-Israel 2026 (Epic Fury)
2023-12-03 19:10:08.932882,5.943166614596626,19.703490635268086,Iran-Israel 2026 (Epic Fury)
2023-12-04 19:10:08.932882,14.377192997186848,24.614053590397845,Iran-Israel 2026 (Epic Fury)
2023-12-05 19:10:08.932882,8.801384581343651,15.061584852101806,Iran-Israel 2026 (Epic Fury)
2023-12-06 19:10:08.932882,13.736419523561876,28.433034159463066,Iran-Israel 2026 (Epic Fury)
2023-12-07 19:10:08.932882,9.849095997589448,23.93334490782757,Iran-Israel 2026 (Epic Fury)
2023-12-08 19:10:08.932882,15.873899776948056,10.10469294196957,Iran-Israel 2026 (Epic Fury)
2023-12-09 19:10:08.932882,19.853582717602805,11.875054430388087,Iran-Israel 2026 (Epic Fury)
2023-12-10 19:10:08.932882,7.746951326188073,19.26600489448352,Iran-Israel 2026 (Epic Fury)
2023-12-11 19:10:08.932882,6.705502043922282,19.42545373176597,Iran-Israel 2026 (Epic Fury)
2023-12-12 19:10:08.932882,19.579162659889064,20.66781779970131,Iran-Israel 2026 (Epic Fury)
2023-12-13 19:10:08.932882,16.98956279599913,17.889428995896786,Iran-Israel 2026 (Epic Fury)
2023-12-14 19:10:08.932882,10.293958556753996,23.31450022612648,Iran-Israel 2026 (Epic Fury)
2023-12-15 19:10:08.932882,8.663926413301002,19.99764919537008,Iran-Israel 2026 (Epic Fury)
2023-12-16 19:10:08.932882,8.012253949468754,24.358742398699167,Iran-Israel 2026 (Epic Fury)
2023-12-17 19:10:08.932882,5.003347769087369,21.676506595264573,Iran-Israel 2026 (Epic Fury)
2023-12-18 19:10:08.932882,6.391534181395399,16.62794622862104,Iran-Israel 2026 (Epic Fury)
2023-12-19 19:10:08.932882,12.905017427768797,14.29856471704715,Iran-Israel 2026 (Epic Fury)
2023-12-20 19:10:08.932882,13.736820157695773,16.54989847062961,Iran-Israel 2026 (Epic Fury)
2023-12-21 19:10:08.932882,14.344316215680212,14.144398440564185,Iran-Israel 2026 (Epic Fury)
2023-12-22 19:10:08.932882,10.312394006430008,14.379482301510404,Iran-Israel 2026 (Epic Fury)
2023-12-23 19:10:08.932882,11.77713325264895,17.188387593422917,Iran-Israel 2026 (Epic Fury)
2023-12-24 19:10:08.932882,9.57134867608529,29.21609806248362,Iran-Israel 2026 (Epic Fury)
2023-12-25 19:10:08.932882,5.897482966799781,23.336808871929474,Iran-Israel 2026 (Epic Fury)
2023-12-26 19:10:08.932882,7.613063401678508,11.357436618115127,Iran-Israel 2026 (Epic Fury)
2023-12-27 19:10:08.932882,6.232549597560817,10.448971032069771,Iran-Israel 2026 (Epic Fury)
2023-12-28 19:10:08.932882,11.821060470047291,13.69114813589815,Iran-Israel 2026 (Epic Fury)
2023-12-29 19:10:08.932882,11.337644921387142,22.67899543693105,Iran-Israel 2026 (Epic Fury)
2023-12-30 19:10:08.932882,6.3719034972015045,24.491846028244655,Iran-Israel 2026 (Epic Fury)
2023-12-31 19:10:08.932882,18.112495296683882,21.818527796951727,Iran-Israel 2026 (Epic Fury)
2024-01-01 19:10:08.932882,14.057130270764835,22.411041851301917,Iran-Israel 2026 (Epic Fury)
2024-01-02 19:10:08.932882,18.928779686909408,19.4325971925684,Iran-Israel 2026 (Epic Fury)
2024-01-03 19:10:08.932882,18.978794799725204,17.82331137994111,Iran-Israel 2026 (Epic Fury)
2024-01-04 19:10:08.932882,19.976193083364898,20.940378220890132,Iran-Israel 2026 (Epic Fury)
2024-01-05 19:10:08.932882,17.667611043815832,20.270644125345743,Iran-Israel 2026 (Epic Fury)
2024-01-06 19:10:08.932882,17.927332022266093,28.402054937202625,Iran-Israel 2026 (Epic Fury)
2024-01-07 19:10:08.932882,15.914227517559631,20.02940757966161,Iran-Israel 2026 (Epic Fury)
2024-01-08 19:10:08.932882,11.995534256352268,12.3056963416784,Iran-Israel 2026 (Epic Fury)
2024-01-09 19:10:08.932882,12.256842405949339,20.66768946779368,Iran-Israel 2026 (Epic Fury)
2024-01-10 19:10:08.932882,18.98871802930774,24.44849211595553,Iran-Israel 2026 (Epic Fury)
2024-01-11 19:10:08.932882,8.035120374046507,16.19857453681374,Iran-Israel 2026 (Epic Fury)
2024-01-12 19:10:08.932882,6.611752854996368,19.23655247558045,Iran-Israel 2026 (Epic Fury)
2024-01-13 19:10:08.932882,9.73240199307898,10.351175760621311,Iran-Israel 2026 (Epic Fury)
2024-01-14 19:10:08.932882,13.08424840162538,11.929166429202347,Iran-Israel 2026 (Epic Fury)
2024-01-15 19:10:08.932882,5.272675693777835,16.93074766261706,Iran-Israel 2026 (Epic Fury)
2024-01-16 19:10:08.932882,16.049543769256047,17.54755100589267,Iran-Israel 2026 (Epic Fury)
2024-01-17 19:10:08.932882,17.812018543010755,24.240299639394458,Iran-Israel 2026 (Epic Fury)
2024-01-18 19:10:08.932882,6.973886165825372,14.285624999177251,Iran-Israel 2026 (Epic Fury)
2024-01-19 19:10:08.932882,17.170026629121807,26.413359416558706,Iran-Israel 2026 (Epic Fury)
2024-01-20 19:10:08.932882,5.062721292588049,16.070758064589697,Iran-Israel 2026 (Epic Fury)
2024-01-21 19:10:08.932882,17.51713073194359,29.09866145697739,Iran-Israel 2026 (Epic Fury)
2024-01-22 19:10:08.932882,5.493771468965086,11.92866615545306,Iran-Israel 2026 (Epic Fury)
2024-01-23 19:10:08.932882,9.668053382079956,22.493284397195133,Iran-Israel 2026 (Epic Fury)
2024-01-24 19:10:08.932882,11.628736694060102,18.84380490923874,Iran-Israel 2026 (Epic Fury)
2024-01-25 19:10:08.932882,19.829295123552626,15.346531378434268,Iran-Israel 2026 (Epic Fury)
2024-01-26 19:10:08.932882,14.606903184316955,19.971083092944614,Iran-Israel 2026 (Epic Fury)
2024-01-27 19:10:08.932882,15.81452700325397,16.36549333450171,Iran-Israel 2026 (Epic Fury)
2024-01-28 19:10:08.932882,9.393167789958852,20.270963194383125,Iran-Israel 2026 (Epic Fury)
2024-01-29 19:10:08.932882,8.671492259336704,20.075726690571365,Iran-Israel 2026 (Epic Fury)
2024-01-30 19:10:08.932882,7.295540418906999,28.081774084110712,Iran-Israel 2026 (Epic Fury)
2024-01-31 19:10:08.932882,6.153389279198736,28.64333648411723,Iran-Israel 2026 (Epic Fury)
2024-02-01 19:10:08.932882,19.837462765805093,21.729729904466595,Iran-Israel 2026 (Epic Fury)
2024-02-02 19:10:08.932882,7.929874826537187,25.944378767891674,Iran-Israel 2026 (Epic Fury)
2024-02-03 19:10:08.932882,5.472908610772993,25.9597478722022,Iran-Israel 2026 (Epic Fury)
2024-02-04 19:10:08.932882,15.296037935310421,12.018357701205971,Iran-Israel 2026 (Epic Fury)
2024-02-05 19:10:08.932882,15.42915070865126,10.355049945764648,Iran-Israel 2026 (Epic Fury)
2024-02-06 19:10:08.932882,13.253088548078372,28.7954823259499,Iran-Israel 2026 (Epic Fury)
2024-02-07 19:10:08.932882,14.08364087315482,25.777607961146245,Iran-Israel 2026 (Epic Fury)
2024-02-08 19:10:08.932882,17.52400396439294,29.89779354350594,Iran-Israel 2026 (Epic Fury)
2024-02-09 19:10:08.932882,17.227663724275807,26.443733307484123,Iran-Israel 2026 (Epic Fury)
2024-02-10 19:10:08.932882,19.71698192053969,27.676204112518047,Iran-Israel 2026 (Epic Fury)
2024-02-11 19:10:08.932882,14.063711149305444,28.52294204921907,Iran-Israel 2026 (Epic Fury)
2024-02-12 19:10:08.932882,13.266876280245327,24.912015805539014,Iran-Israel 2026 (Epic Fury)
2024-02-13 19:10:08.932882,15.192895414152021,20.153132605116568,Iran-Israel 2026 (Epic Fury)
2024-02-14 19:10:08.932882,9.228838418295943,17.956025338870482,Iran-Israel 2026 (Epic Fury)
2024-02-15 19:10:08.932882,18.599040547227716,26.519153661819193,Iran-Israel 2026 (Epic Fury)
2024-02-16 19:10:08.932882,17.013865383437135,18.105305521653445,Iran-Israel 2026 (Epic Fury)
2024-02-17 19:10:08.932882,13.572627864744547,16.064019797840412,Iran-Israel 2026 (Epic Fury)
2024-02-18 19:10:08.932882,18.30612044135134,11.107169663205703,Iran-Israel 2026 (Epic Fury)
2024-02-19 19:10:08.932882,18.09675963444267,15.459923655326735,Iran-Israel 2026 (Epic Fury)
2024-02-20 19:10:08.932882,10.116796080505608,29.21261729961711,Iran-Israel 2026 (Epic Fury)
2024-02-21 19:10:08.932882,10.039375190133104,18.44133724208871,Iran-Israel 2026 (Epic Fury)
2024-02-22 19:10:08.932882,10.076431135462279,21.791353469701306,Iran-Israel 2026 (Epic Fury)
2024-02-23 19:10:08.932882,13.785096202851292,28.928487487094067,Iran-Israel 2026 (Epic Fury)
2024-02-24 19:10:08.932882,12.684583520242374,26.235892051486942,Iran-Israel 2026 (Epic Fury)
2024-02-25 19:10:08.932882,17.7021428891246,21.221423036845003,Iran-Israel 2026 (Epic Fury)
2024-02-26 19:10:08.932882,10.596276213500992,14.401430329231605,Iran-Israel 2026 (Epic Fury)
2024-02-27 19:10:08.932882,11.129178057724332,23.50270663679577,Iran-Israel 2026 (Epic Fury)
2024-02-28 19:10:08.932882,13.606495737550574,27.305206491181576,Iran-Israel 2026 (Epic Fury)
2024-02-29 19:10:08.932882,12.088032978682136,28.895920125587896,Iran-Israel 2026 (Epic Fury)
2024-03-01 19:10:08.932882,8.97818362378594,15.028158356366694,Iran-Israel 2026 (Epic Fury)
2024-03-02 19:10:08.932882,16.80489266100977,20.545814233182657,Iran-Israel 2026 (Epic Fury)
2024-03-03 19:10:08.932882,7.357920850180651,13.294678922530817,Iran-Israel 2026 (Epic Fury)
2024-03-04 19:10:08.932882,11.748561619878135,24.370956282234904,Iran-Israel 2026 (Epic Fury)
2024-03-05 19:10:08.932882,15.261243518342717,25.450411955556582,Iran-Israel 2026 (Epic Fury)
2024-03-06 19:10:08.932882,11.626592835940333,17.709367717025778,Iran-Israel 2026 (Epic Fury)
2024-03-07 19:10:08.932882,18.19560076095591,14.286042931552824,Iran-Israel 2026 (Epic Fury)
2024-03-08 19:10:08.932882,6.6183342247067705,19.46559815999485,Iran-Israel 2026 (Epic Fury)
2024-03-09 19:10:08.932882,18.749363491889525,20.01659931135697,Iran-Israel 2026 (Epic Fury)
2024-03-10 19:10:08.932882,10.317537612782314,27.39823867422858,Iran-Israel 2026 (Epic Fury)
2024-03-11 19:10:08.932882,13.550455091977618,18.809337176514376,Iran-Israel 2026 (Epic Fury)
2024-03-12 19:10:08.932882,16.018979487965574,15.132988998256323,Iran-Israel 2026 (Epic Fury)
2024-03-13 19:10:08.932882,7.107065098816635,23.85061626900018,Iran-Israel 2026 (Epic Fury)
2024-03-14 19:10:08.932882,11.742078647889395,28.484667968490044,Iran-Israel 2026 (Epic Fury)
2024-03-15 19:10:08.932882,17.301003815112793,25.21139783675813,Iran-Israel 2026 (Epic Fury)
2024-03-16 19:10:08.932882,12.080849250321887,20.30684454982691,Iran-Israel 2026 (Epic Fury)
2024-03-17 19:10:08.932882,18.041097304816315,18.55592585378967,Iran-Israel 2026 (Epic Fury)
2024-03-18 19:10:08.932882,5.182298564271356,12.873970255044041,Iran-Israel 2026 (Epic Fury)
2024-03-19 19:10:08.932882,8.280820275000455,22.107375763677155,Iran-Israel 2026 (Epic Fury)
2024-03-20 19:10:08.932882,8.013552701524857,12.774041313059348,Iran-Israel 2026 (Epic Fury)
2024-03-21 19:10:08.932882,16.284396907802222,10.384961220092253,Iran-Israel 2026 (Epic Fury)
2024-03-22 19:10:08.932882,12.130565893036227,12.015506662381203,Iran-Israel 2026 (Epic Fury)
2024-03-23 19:10:08.932882,12.353487627898843,28.4024203760917,Iran-Israel 2026 (Epic Fury)
2024-03-24 19:10:08.932882,8.812503721266499,18.693452342078206,Iran-Israel 2026 (Epic Fury)
2024-03-25 19:10:08.932882,10.294620919401247,13.792602307249819,Iran-Israel 2026 (Epic Fury)
2024-03-26 19:10:08.932882,17.189657454677302,14.693710983102292,Iran-Israel 2026 (Epic Fury)
2024-03-27 19:10:08.932882,15.386005294633662,17.064477299511836,Iran-Israel 2026 (Epic Fury)
2024-03-28 19:10:08.932882,5.824538426517176,29.946467534091276,Iran-Israel 2026 (Epic Fury)
2024-03-29 19:10:08.932882,14.667047416003559,20.12778168555039,Iran-Israel 2026 (Epic Fury)
2024-03-30 19:10:08.932882,10.497787426079459,20.73109038521815,Iran-Israel 2026 (Epic Fury)
2024-03-31 19:10:08.932882,8.345066680135243,19.236871002863108,Iran-Israel 2026 (Epic Fury)
2024-04-01 19:10:08.932882,15.017264170336745,16.261489642178493,Iran-Israel 2026 (Epic Fury)
2024-04-02 19:10:08.932882,14.962102080199514,16.2184199634275,Iran-Israel 2026 (Epic Fury)
2024-04-03 19:10:08.932882,18.34634584791763,28.642068604756837,Iran-Israel 2026 (Epic Fury)
2024-04-04 19:10:08.932882,7.749909332683435,25.934966903071004,Iran-Israel 2026 (Epic Fury)
2024-04-05 19:10:08.932882,7.99777784778416,21.872131122834542,Iran-Israel 2026 (Epic Fury)
2024-04-06 19:10:08.932882,14.562333898997887,20.73585324224768,Iran-Israel 2026 (Epic Fury)
2024-04-07 19:10:08.932882,7.829544124695514,26.249534568056255,Iran-Israel 2026 (Epic Fury)
2024-04-08 19:10:08.932882,15.880664327694477,12.645491488073388,Iran-Israel 2026 (Epic Fury)
2024-04-09 19:10:08.932882,7.025967160602126,28.8902721068623,Iran-Israel 2026 (Epic Fury)
2024-04-10 19:10:08.932882,19.841103581467884,14.308604476812947,Iran-Israel 2026 (Epic Fury)
2024-04-11 19:10:08.932882,14.249120817715585,28.967561791220472,Iran-Israel 2026 (Epic Fury)
2024-04-12 19:10:08.932882,10.72932983197404,19.543152327975797,Iran-Israel 2026 (Epic Fury)
2024-04-13 19:10:08.932882,16.47110654062673,28.64520340245633,Iran-Israel 2026 (Epic Fury)
2024-04-14 19:10:08.932882,18.496831064887207,25.531421566701567,Iran-Israel 2026 (Epic Fury)
2024-04-15 19:10:08.932882,19.289426553262864,11.016205236374109,Iran-Israel 2026 (Epic Fury)
2024-04-16 19:10:08.932882,17.941514084096987,29.705728573475646,Iran-Israel 2026 (Epic Fury)
2024-04-17 19:10:08.932882,18.353068106902377,24.234142657008356,Iran-Israel 2026 (Epic Fury)
2024-04-18 19:10:08.932882,14.024652224439633,26.41745252955465,Iran-Israel 2026 (Epic Fury)
2024-04-19 19:10:08.932882,12.40814324090053,24.439957009479667,Iran-Israel 2026 (Epic Fury)
2024-04-20 19:10:08.932882,15.923006334007317,16.552085326023466,Iran-Israel 2026 (Epic Fury)
2024-04-21 19:10:08.932882,9.26853073775612,12.106402425152126,Iran-Israel 2026 (Epic Fury)
2024-04-22 19:10:08.932882,14.257028043382851,28.28851909127289,Iran-Israel 2026 (Epic Fury)
2024-04-23 19:10:08.932882,6.708060253206179,11.19912519155777,Iran-Israel 2026 (Epic Fury)
2024-04-24 19:10:08.932882,16.70097587163952,19.89465137691524,Iran-Israel 2026 (Epic Fury)
2024-04-25 19:10:08.932882,19.43251513303767,15.017579316770153,Iran-Israel 2026 (Epic Fury)
2024-04-26 19:10:08.932882,6.323763091731836,17.078421375627496,Iran-Israel 2026 (Epic Fury)
2024-04-27 19:10:08.932882,18.066068348413033,14.14736448184013,Iran-Israel 2026 (Epic Fury)
2024-04-28 19:10:08.932882,17.279666561163758,29.093580889020426,Iran-Israel 2026 (Epic Fury)
2024-04-29 19:10:08.932882,14.232014992755934,18.154155370391713,Iran-Israel 2026 (Epic Fury)
2024-04-30 19:10:08.932882,19.180544076734353,16.3988059371697,Iran-Israel 2026 (Epic Fury)
2024-05-01 19:10:08.932882,16.01981615015822,17.65101335487473,Iran-Israel 2026 (Epic Fury)
2024-05-02 19:10:08.932882,12.455095122556006,19.97766348723832,Iran-Israel 2026 (Epic Fury)
2024-05-03 19:10:08.932882,12.175056238583625,23.69145680826973,Iran-Israel 2026 (Epic Fury)
2024-05-04 19:10:08.932882,6.863487693783021,26.169975144630527,Iran-Israel 2026 (Epic Fury)
2024-05-05 19:10:08.932882,16.699670124931657,29.034335121945855,Iran-Israel 2026 (Epic Fury)
2024-05-06 19:10:08.932882,5.677973274335682,21.79894455339778,Iran-Israel 2026 (Epic Fury)
2024-05-07 19:10:08.932882,13.674760798249045,13.990051574161114,Iran-Israel 2026 (Epic Fury)
2024-05-08 19:10:08.932882,8.333165044170546,20.991205119130157,Iran-Israel 2026 (Epic Fury)
2024-05-09 19:10:08.932882,8.560051104786758,21.056557715969834,Iran-Israel 2026 (Epic Fury)
2024-05-10 19:10:08.932882,9.57076164092682,19.05675273947428,Iran-Israel 2026 (Epic Fury)
2024-05-11 19:10:08.932882,13.818851530712426,18.338080614013514,Iran-Israel 2026 (Epic Fury)
2024-05-12 19:10:08.932882,13.608782071007461,13.073784073989671,Iran-Israel 2026 (Epic Fury)
2024-05-13 19:10:08.932882,13.197434119329195,18.294964373435484,Iran-Israel 2026 (Epic Fury)
2024-05-14 19:10:08.932882,17.754710769592602,12.222548478530552,Iran-Israel 2026 (Epic Fury)
2024-05-15 19:10:08.932882,18.38683709608118,29.549668739349137,Iran-Israel 2026 (Epic Fury)
2024-05-16 19:10:08.932882,17.578624397271817,15.1137271667964,Iran-Israel 2026 (Epic Fury)
2024-05-17 19:10:08.932882,18.58627372615903,24.127438881875975,Iran-Israel 2026 (Epic Fury)
2024-05-18 19:10:08.932882,16.413945331627147,22.31175370620282,Iran-Israel 2026 (Epic Fury)
2024-05-19 19:10:08.932882,14.755958935017722,10.63961328212772,Iran-Israel 2026 (Epic Fury)
2024-05-20 19:10:08.932882,7.142282672549447,22.295150776504162,Iran-Israel 2026 (Epic Fury)
2024-05-21 19:10:08.932882,13.043308656591455,16.977323076309787,Iran-Israel 2026 (Epic Fury)
2024-05-22 19:10:08.932882,19.70620456928892,26.486780071304395,Iran-Israel 2026 (Epic Fury)
2024-05-23 19:10:08.932882,6.580982773340893,10.167855789500372,Iran-Israel 2026 (Epic Fury)
2024-05-24 19:10:08.932882,5.943896317327968,21.512230979928404,Iran-Israel 2026 (Epic Fury)
2024-05-25 19:10:08.932882,15.677588165688729,13.860928938340232,Iran-Israel 2026 (Epic Fury)
2024-05-26 19:10:08.932882,10.199564234035286,10.548442740291957,Iran-Israel 2026 (Epic Fury)
2024-05-27 19:10:08.932882,18.279135229037443,29.165800627866712,Iran-Israel 2026 (Epic Fury)
2024-05-28 19:10:08.932882,13.761990469876613,16.095907023003456,Iran-Israel 2026 (Epic Fury)
2024-05-29 19:10:08.932882,19.426361582833582,25.48473787337487,Iran-Israel 2026 (Epic Fury)
2024-05-30 19:10:08.932882,9.60821469387717,18.118167214193246,Iran-Israel 2026 (Epic Fury)
2024-05-31 19:10:08.932882,13.175916566915763,27.81291517267578,Iran-Israel 2026 (Epic Fury)
2024-06-01 19:10:08.932882,16.267028290970863,25.71241335147677,Iran-Israel 2026 (Epic Fury)
2024-06-02 19:10:08.932882,5.186840677973453,13.77772488853099,Iran-Israel 2026 (Epic Fury)
2024-06-03 19:10:08.932882,17.344534000438067,21.62134043747907,Iran-Israel 2026 (Epic Fury)
2024-06-04 19:10:08.932882,16.699726618249834,16.782624602051726,Iran-Israel 2026 (Epic Fury)
2024-06-05 19:10:08.932882,10.229868798348848,24.725022668872818,Iran-Israel 2026 (Epic Fury)
2024-06-06 19:10:08.932882,10.307037776646652,27.191362928515833,Iran-Israel 2026 (Epic Fury)
2024-06-07 19:10:08.932882,19.350406239780796,29.06501439437726,Iran-Israel 2026 (Epic Fury)
2024-06-08 19:10:08.932882,13.932168420019067,29.114472689837584,Iran-Israel 2026 (Epic Fury)
2024-06-09 19:10:08.932882,11.31997535790466,29.385703804763935,Iran-Israel 2026 (Epic Fury)
2024-06-10 19:10:08.932882,19.14010985812118,26.470544821737377,Iran-Israel 2026 (Epic Fury)
2024-06-11 19:10:08.932882,17.200825954293265,23.788773563970643,Iran-Israel 2026 (Epic Fury)
2024-06-12 19:10:08.932882,13.747516768871328,27.850962555576903,Iran-Israel 2026 (Epic Fury)
2024-06-13 19:10:08.932882,6.273270042137546,17.500521363664546,Iran-Israel 2026 (Epic Fury)
2024-06-14 19:10:08.932882,13.483056852853668,14.461232428478752,Iran-Israel 2026 (Epic Fury)
2024-06-15 19:10:08.932882,10.290143931501559,27.785729578983677,Iran-Israel 2026 (Epic Fury)
2024-06-16 19:10:08.932882,7.845024920573136,28.048421206344226,Iran-Israel 2026 (Epic Fury)
2024-06-17 19:10:08.932882,14.134134094737972,23.649113411892962,Iran-Israel 2026 (Epic Fury)
2024-06-18 19:10:08.932882,13.810500764331568,22.98738527258135,Iran-Israel 2026 (Epic Fury)
2024-06-19 19:10:08.932882,10.551745583252849,29.9157776023904,Iran-Israel 2026 (Epic Fury)
2024-06-20 19:10:08.932882,8.697632174079542,15.38311078384152,Iran-Israel 2026 (Epic Fury)
2024-06-21 19:10:08.932882,14.827088124216909,27.806361102673797,Iran-Israel 2026 (Epic Fury)
2024-06-22 19:10:08.932882,6.598615809522403,29.632196239072996,Iran-Israel 2026 (Epic Fury)
2024-06-23 19:10:08.932882,13.404391113467678,22.55085313412689,Iran-Israel 2026 (Epic Fury)
2024-06-24 19:10:08.932882,15.174742443702517,19.0625090719181,Iran-Israel 2026 (Epic Fury)
2024-06-25 19:10:08.932882,9.060875997463445,23.30590846437523,Iran-Israel 2026 (Epic Fury)
2024-06-26 19:10:08.932882,13.807646577832035,12.56825612173261,Iran-Israel 2026 (Epic Fury)
2024-06-27 19:10:08.932882,8.996022765120705,17.487252420202317,Iran-Israel 2026 (Epic Fury)
2024-06-28 19:10:08.932882,6.677383637438199,24.589035227398696,Iran-Israel 2026 (Epic Fury)
2024-06-29 19:10:08.932882,7.050084255214311,11.32409084993827,Iran-Israel 2026 (Epic Fury)
2024-06-30 19:10:08.932882,6.683990703956651,15.080979536444342,Iran-Israel 2026 (Epic Fury)
2024-07-01 19:10:08.932882,6.705276663961621,28.593309684783122,Iran-Israel 2026 (Epic Fury)
2024-07-02 19:10:08.932882,6.956325700997861,17.51756023999649,Iran-Israel 2026 (Epic Fury)
2024-07-03 19:10:08.932882,9.459159274730673,15.3109313133813,Iran-Israel 2026 (Epic Fury)
2024-07-04 19:10:08.932882,14.400721620342015,28.855913259231944,Iran-Israel 2026 (Epic Fury)
2024-07-05 19:10:08.932882,15.828669685386005,23.556013706086407,Iran-Israel 2026 (Epic Fury)
2024-07-06 19:10:08.932882,8.430993902124428,29.389290831383278,Iran-Israel 2026 (Epic Fury)
2024-07-07 19:10:08.932882,17.92719964159479,23.641424423067956,Iran-Israel 2026 (Epic Fury)
2024-07-08 19:10:08.932882,15.115216712816276,13.144248732789176,Iran-Israel 2026 (Epic Fury)
2024-07-09 19:10:08.932882,6.008088816176992,25.77113995209102,Iran-Israel 2026 (Epic Fury)
2024-07-10 19:10:08.932882,15.791937890728175,11.530492734584652,Iran-Israel 2026 (Epic Fury)
2024-07-11 19:10:08.932882,7.733846040213201,29.88669704538223,Iran-Israel 2026 (Epic Fury)
2024-07-12 19:10:08.932882,5.359255666204248,26.109411285556185,Iran-Israel 2026 (Epic Fury)
2024-07-13 19:10:08.932882,6.652490257997753,15.980404527197887,Iran-Israel 2026 (Epic Fury)
2024-07-14 19:10:08.932882,9.382706704522938,27.750255614832,Iran-Israel 2026 (Epic Fury)
2024-07-15 19:10:08.932882,12.479233310510127,24.97171407945101,Iran-Israel 2026 (Epic Fury)
2024-07-16 19:10:08.932882,19.4406494717279,21.07819554921406,Iran-Israel 2026 (Epic Fury)
2024-07-17 19:10:08.932882,12.83434665929551,11.44818510210931,Iran-Israel 2026 (Epic Fury)
2024-07-18 19:10:08.932882,10.732886964171932,16.17154582576975,Iran-Israel 2026 (Epic Fury)
2024-07-19 19:10:08.932882,16.001263340638836,21.76027982933429,Iran-Israel 2026 (Epic Fury)
2024-07-20 19:10:08.932882,5.959643754690399,10.326631096030141,Iran-Israel 2026 (Epic Fury)
2024-07-21 19:10:08.932882,17.293099282803844,19.03651768061071,Iran-Israel 2026 (Epic Fury)
2024-07-22 19:10:08.932882,6.499040399622266,24.55643144497662,Iran-Israel 2026 (Epic Fury)
2024-07-23 19:10:08.932882,7.876706585736657,12.760244615675429,Iran-Israel 2026 (Epic Fury)
2024-07-24 19:10:08.932882,15.298517604167712,25.10951898616888,Iran-Israel 2026 (Epic Fury)
2024-07-25 19:10:08.932882,7.6151604490609675,11.036527335337684,Iran-Israel 2026 (Epic Fury)
2024-07-26 19:10:08.932882,13.226907965008389,19.46969465039368,Iran-Israel 2026 (Epic Fury)
2024-07-27 19:10:08.932882,6.759619184521712,26.501898297380325,Iran-Israel 2026 (Epic Fury)
2024-07-28 19:10:08.932882,9.537912588523008,18.095008328565434,Iran-Israel 2026 (Epic Fury)
2024-07-29 19:10:08.932882,10.160722628375028,23.626891124313865,Iran-Israel 2026 (Epic Fury)
2024-07-30 19:10:08.932882,18.836481089428247,23.848473857967452,Iran-Israel 2026 (Epic Fury)
2024-07-31 19:10:08.932882,12.382633980275665,10.064069985904077,Iran-Israel 2026 (Epic Fury)
2024-08-01 19:10:08.932882,12.964571535950814,14.586512831617238,Iran-Israel 2026 (Epic Fury)
2024-08-02 19:10:08.932882,12.589888543519965,17.0984252124759,Iran-Israel 2026 (Epic Fury)
2024-08-03 19:10:08.932882,9.838379592804422,24.36218103004295,Iran-Israel 2026 (Epic Fury)
2024-08-04 19:10:08.932882,14.50198187813745,17.61541950449371,Iran-Israel 2026 (Epic Fury)
2024-08-05 19:10:08.932882,12.793315471428318,20.390702209409145,Iran-Israel 2026 (Epic Fury)
2024-08-06 19:10:08.932882,7.537668309481511,22.134414406005742,Iran-Israel 2026 (Epic Fury)
2024-08-07 19:10:08.932882,5.395452734196927,17.881945830821895,Iran-Israel 2026 (Epic Fury)
2024-08-08 19:10:08.932882,9.623651740348242,20.858197380454946,Iran-Israel 2026 (Epic Fury)
2024-08-09 19:10:08.932882,15.793383745236628,21.55436244110868,Iran-Israel 2026 (Epic Fury)
2024-08-10 19:10:08.932882,5.167811266670462,17.90028999568866,Iran-Israel 2026 (Epic Fury)
2024-08-11 19:10:08.932882,15.566599156317688,23.012674770697515,Iran-Israel 2026 (Epic Fury)
2024-08-12 19:10:08.932882,15.1427083106856,21.240750191919574,Iran-Israel 2026 (Epic Fury)
2024-08-13 19:10:08.932882,16.76383596540275,15.763906000921796,Iran-Israel 2026 (Epic Fury)
2024-08-14 19:10:08.932882,10.401246955702554,21.010166100647012,Iran-Israel 2026 (Epic Fury)
2024-08-15 19:10:08.932882,16.761890439440783,19.779528369900945,Iran-Israel 2026 (Epic Fury)
2024-08-16 19:10:08.932882,6.671435196560873,28.067071424203615,Iran-Israel 2026 (Epic Fury)
2024-08-17 19:10:08.932882,9.920341281626277,15.519435512305627,Iran-Israel 2026 (Epic Fury)
2024-08-18 19:10:08.932882,6.07487897720957,27.15083814478221,Iran-Israel 2026 (Epic Fury)
2024-08-19 19:10:08.932882,5.289815509631772,14.373654687095383,Iran-Israel 2026 (Epic Fury)
2024-08-20 19:10:08.932882,18.489047071373236,10.350675906904168,Iran-Israel 2026 (Epic Fury)
2024-08-21 19:10:08.932882,16.97678605428964,27.183171032796746,Iran-Israel 2026 (Epic Fury)
2024-08-22 19:10:08.932882,7.942629425951951,25.073217224723088,Iran-Israel 2026 (Epic Fury)
2024-08-23 19:10:08.932882,8.724105037191809,19.282030968470977,Iran-Israel 2026 (Epic Fury)
2024-08-24 19:10:08.932882,18.674743528100677,14.040338549551379,Iran-Israel 2026 (Epic Fury)
2024-08-25 19:10:08.932882,11.261474697359649,17.92657457076675,Iran-Israel 2026 (Epic Fury)
2024-08-26 19:10:08.932882,6.949300263986841,29.539664496079393,Iran-Israel 2026 (Epic Fury)
2024-08-27 19:10:08.932882,17.27246706946073,11.382183460385562,Iran-Israel 2026 (Epic Fury)
2024-08-28 19:10:08.932882,16.856705226241743,21.047419040128887,Iran-Israel 2026 (Epic Fury)
2024-08-29 19:10:08.932882,7.357199567671214,21.57070947446178,Iran-Israel 2026 (Epic Fury)
2024-08-30 19:10:08.932882,15.856360174718803,21.79795865999509,Iran-Israel 2026 (Epic Fury)
2024-08-31 19:10:08.932882,7.715205285318872,28.746894967865877,Iran-Israel 2026 (Epic Fury)
2024-09-01 19:10:08.932882,6.112521350108141,18.24668343938641,Iran-Israel 2026 (Epic Fury)
2024-09-02 19:10:08.932882,13.70312343091175,24.235332275928982,Iran-Israel 2026 (Epic Fury)
2024-09-03 19:10:08.932882,8.66678783834314,29.16760308803235,Iran-Israel 2026 (Epic Fury)
2024-09-04 19:10:08.932882,17.75470292071339,18.802357251023878,Iran-Israel 2026 (Epic Fury)
2024-09-05 19:10:08.932882,18.745618712758116,11.50887953717288,Iran-Israel 2026 (Epic Fury)
2024-09-06 19:10:08.932882,15.002663071268893,29.02382871260306,Iran-Israel 2026 (Epic Fury)
2024-09-07 19:10:08.932882,5.804729604108953,10.828226782954127,Iran-Israel 2026 (Epic Fury)
2024-09-08 19:10:08.932882,7.026468958629702,26.40188169185314,Iran-Israel 2026 (Epic Fury)
2024-09-09 19:10:08.932882,5.7300034363492065,15.308224455366638,Iran-Israel 2026 (Epic Fury)
2024-09-10 19:10:08.932882,19.093914355374896,15.038071420599676,Iran-Israel 2026 (Epic Fury)
2024-09-11 19:10:08.932882,15.454566581343224,10.297840615689593,Iran-Israel 2026 (Epic Fury)
2024-09-12 19:10:08.932882,8.058449797087881,14.28632099235745,Iran-Israel 2026 (Epic Fury)
2024-09-13 19:10:08.932882,8.277759500891733,21.080215186721993,Iran-Israel 2026 (Epic Fury)
2024-09-14 19:10:08.932882,11.044770061634269,26.83633801561871,Iran-Israel 2026 (Epic Fury)
2024-09-15 19:10:08.932882,18.05878506254681,18.69958711907057,Iran-Israel 2026 (Epic Fury)
2024-09-16 19:10:08.932882,8.230678576727113,12.929115456384292,Iran-Israel 2026 (Epic Fury)
2024-09-17 19:10:08.932882,9.058335460821057,16.890673967269088,Iran-Israel 2026 (Epic Fury)
2024-09-18 19:10:08.932882,17.61885385248718,25.282147356126515,Iran-Israel 2026 (Epic Fury)
2024-09-19 19:10:08.932882,18.174605440585836,13.329326940117582,Iran-Israel 2026 (Epic Fury)
2024-09-20 19:10:08.932882,16.837999831612862,28.095884236535174,Iran-Israel 2026 (Epic Fury)
2024-09-21 19:10:08.932882,19.224217778092203,22.538429205088214,Iran-Israel 2026 (Epic Fury)
2024-09-22 19:10:08.932882,13.568459969261829,17.12228907312498,Iran-Israel 2026 (Epic Fury)
2024-09-23 19:10:08.932882,9.125895846380374,20.32306463154359,Iran-Israel 2026 (Epic Fury)
2024-09-24 19:10:08.932882,11.305559109200736,15.968490480635676,Iran-Israel 2026 (Epic Fury)
2024-09-25 19:10:08.932882,9.318625327201087,25.891190250734425,Iran-Israel 2026 (Epic Fury)
2024-09-26 19:10:08.932882,18.563049912235897,14.77233556727376,Iran-Israel 2026 (Epic Fury)
2024-09-27 19:10:08.932882,7.609535145984721,26.497350108267316,Iran-Israel 2026 (Epic Fury)
2024-09-28 19:10:08.932882,13.489982069168109,11.000641588022297,Iran-Israel 2026 (Epic Fury)
2024-09-29 19:10:08.932882,19.241731845852954,21.37540043564872,Iran-Israel 2026 (Epic Fury)
2024-09-30 19:10:08.932882,18.388991610975967,24.250163544897596,Iran-Israel 2026 (Epic Fury)
2024-10-01 19:10:08.932882,11.302269615864514,13.594292283669136,Iran-Israel 2026 (Epic Fury)
2024-10-02 19:10:08.932882,15.928377272341969,10.198882540245833,Iran-Israel 2026 (Epic Fury)
2024-10-03 19:10:08.932882,9.744753665335956,16.930747241263575,Iran-Israel 2026 (Epic Fury)
2024-10-04 19:10:08.932882,9.680627942547062,26.765844160451305,Iran-Israel 2026 (Epic Fury)
2024-10-05 19:10:08.932882,16.160427433402095,12.176001593840569,Iran-Israel 2026 (Epic Fury)
2024-10-06 19:10:08.932882,10.531556407803496,14.456673456209,Iran-Israel 2026 (Epic Fury)
2024-10-07 19:10:08.932882,16.645397469050174,28.74879681379329,Iran-Israel 2026 (Epic Fury)
2024-10-08 19:10:08.932882,12.741076184709652,29.960132680836185,Iran-Israel 2026 (Epic Fury)
2024-10-09 19:10:08.932882,9.755521330252105,24.92545174481795,Iran-Israel 2026 (Epic Fury)
2024-10-10 19:10:08.932882,15.096134846601617,10.44014494090696,Iran-Israel 2026 (Epic Fury)
2024-10-11 19:10:08.932882,12.816682785682673,19.895555227674535,Iran-Israel 2026 (Epic Fury)
2024-10-12 19:10:08.932882,11.767689569054827,16.78805149704685,Iran-Israel 2026 (Epic Fury)
2024-10-13 19:10:08.932882,6.205970817907264,17.178054394054072,Iran-Israel 2026 (Epic Fury)
2024-10-14 19:10:08.932882,16.20985712502344,22.463712304393276,Iran-Israel 2026 (Epic Fury)
2024-10-15 19:10:08.932882,11.120149198028724,20.1318750896865,Iran-Israel 2026 (Epic Fury)
2024-10-16 19:10:08.932882,13.47242617979908,26.56590956933051,Iran-Israel 2026 (Epic Fury)
2024-10-17 19:10:08.932882,15.357930373209642,19.522143003349278,Iran-Israel 2026 (Epic Fury)
2024-10-18 19:10:08.932882,16.736886158769046,20.88790729355638,Iran-Israel 2026 (Epic Fury)
2024-10-19 19:10:08.932882,15.503740104817254,29.10785066525306,Iran-Israel 2026 (Epic Fury)
2024-10-20 19:10:08.932882,16.837005124428902,12.092684560108598,Iran-Israel 2026 (Epic Fury)
2024-10-21 19:10:08.932882,17.867127575574614,13.895715068565655,Iran-Israel 2026 (Epic Fury)
2024-10-22 19:10:08.932882,7.187073384846921,21.077805517291836,Iran-Israel 2026 (Epic Fury)
2024-10-23 19:10:08.932882,13.438612099903663,14.857545411128786,Iran-Israel 2026 (Epic Fury)
2024-10-24 19:10:08.932882,9.295404195348379,18.30895363735928,Iran-Israel 2026 (Epic Fury)
2024-10-25 19:10:08.932882,15.542734422233666,22.06771853995849,Iran-Israel 2026 (Epic Fury)
2024-10-26 19:10:08.932882,5.5922283542267905,17.470865264460045,Iran-Israel 2026 (Epic Fury)
2024-10-27 19:10:08.932882,14.139591073177844,12.683479793602645,Iran-Israel 2026 (Epic Fury)
2024-10-28 19:10:08.932882,6.018951666799081,25.484506750753262,Iran-Israel 2026 (Epic Fury)
2024-10-29 19:10:08.932882,7.112457457852106,27.945875999112225,Iran-Israel 2026 (Epic Fury)
2024-10-30 19:10:08.932882,15.21841820864763,27.678570600336347,Iran-Israel 2026 (Epic Fury)
2024-10-31 19:10:08.932882,5.9727298573921646,27.30971044156804,Iran-Israel 2026 (Epic Fury)
2024-11-01 19:10:08.932882,16.095136422699007,28.95794266469312,Iran-Israel 2026 (Epic Fury)
2024-11-02 19:10:08.932882,5.361063335678474,20.278289454530707,Iran-Israel 2026 (Epic Fury)
2024-11-03 19:10:08.932882,6.1385460677148735,12.262247209383153,Iran-Israel 2026 (Epic Fury)
2024-11-04 19:10:08.932882,9.283980498149269,14.29097763524692,Iran-Israel 2026 (Epic Fury)
2024-11-05 19:10:08.932882,16.322527324263582,17.710742450027666,Iran-Israel 2026 (Epic Fury)
2024-11-06 19:10:08.932882,19.619477842393252,16.719207162417963,Iran-Israel 2026 (Epic Fury)
2024-11-07 19:10:08.932882,6.146370578836346,28.425146420023836,Iran-Israel 2026 (Epic Fury)
2024-11-08 19:10:08.932882,13.829829738572498,13.895273734386686,Iran-Israel 2026 (Epic Fury)
2024-11-09 19:10:08.932882,11.391259194512656,28.162575473565255,Iran-Israel 2026 (Epic Fury)
2024-11-10 19:10:08.932882,17.42859019422592,26.89915657213391,Iran-Israel 2026 (Epic Fury)
2024-11-11 19:10:08.932882,15.563186869606676,13.919111705990233,Iran-Israel 2026 (Epic Fury)
2024-11-12 19:10:08.932882,13.631918301179853,25.98872943179579,Iran-Israel 2026 (Epic Fury)
2024-11-13 19:10:08.932882,15.756019175361953,16.08963814424925,Iran-Israel 2026 (Epic Fury)
2024-11-14 19:10:08.932882,10.104615272739208,20.23957773935785,Iran-Israel 2026 (Epic Fury)
2024-11-15 19:10:08.932882,17.401118396877102,13.96100837162164,Iran-Israel 2026 (Epic Fury)
2024-11-16 19:10:08.932882,13.238176942937645,26.399510450343577,Iran-Israel 2026 (Epic Fury)
2024-11-17 19:10:08.932882,11.191733347964762,12.423963151463962,Iran-Israel 2026 (Epic Fury)
2024-11-18 19:10:08.932882,15.873834118716312,23.710578199251167,Iran-Israel 2026 (Epic Fury)
2024-11-19 19:10:08.932882,12.238125114016938,16.506267659046678,Iran-Israel 2026 (Epic Fury)
2024-11-20 19:10:08.932882,13.040469659249133,27.015219794047653,Iran-Israel 2026 (Epic Fury)
2024-11-21 19:10:08.932882,6.507496415914439,28.334155969843607,Iran-Israel 2026 (Epic Fury)
2024-11-22 19:10:08.932882,17.735919967197802,17.681091134572537,Iran-Israel 2026 (Epic Fury)
2024-11-23 19:10:08.932882,16.061461834923247,29.345620307088907,Iran-Israel 2026 (Epic Fury)
2024-11-24 19:10:08.932882,8.232526725938737,22.81240293988448,Iran-Israel 2026 (Epic Fury)
2024-11-25 19:10:08.932882,8.24872175744811,10.078836197028833,Iran-Israel 2026 (Epic Fury)
2024-11-26 19:10:08.932882,17.55681652700759,27.900171636874127,Iran-Israel 2026 (Epic Fury)
2024-11-27 19:10:08.932882,15.51165802593042,29.279672270748975,Iran-Israel 2026 (Epic Fury)
2024-11-28 19:10:08.932882,7.831808605957884,27.716287494735198,Iran-Israel 2026 (Epic Fury)
2024-11-29 19:10:08.932882,19.07542221185311,20.72261327002113,Iran-Israel 2026 (Epic Fury)
2024-11-30 19:10:08.932882,14.469343335445231,12.713626373997029,Iran-Israel 2026 (Epic Fury)
2024-12-01 19:10:08.932882,18.52829586533819,27.677176300197452,Iran-Israel 2026 (Epic Fury)
2024-12-02 19:10:08.932882,19.70830320173306,17.25101765339053,Iran-Israel 2026 (Epic Fury)
2024-12-03 19:10:08.932882,14.387057610743641,13.697790913552694,Iran-Israel 2026 (Epic Fury)
2024-12-04 19:10:08.932882,5.7942715427545615,15.70373425405288,Iran-Israel 2026 (Epic Fury)
2024-12-05 19:10:08.932882,13.5957193221326,26.228150106360733,Iran-Israel 2026 (Epic Fury)
2024-12-06 19:10:08.932882,8.774924011486245,18.06202269099778,Iran-Israel 2026 (Epic Fury)
2024-12-07 19:10:08.932882,8.140952221348604,23.99685091800946,Iran-Israel 2026 (Epic Fury)
2024-12-08 19:10:08.932882,15.045195101196187,20.358819697495456,Iran-Israel 2026 (Epic Fury)
2024-12-09 19:10:08.932882,11.62709700916059,12.893067242375526,Iran-Israel 2026 (Epic Fury)
2024-12-10 19:10:08.932882,14.213539635225057,26.98466585271593,Iran-Israel 2026 (Epic Fury)
2024-12-11 19:10:08.932882,6.163894049453198,28.985497638204155,Iran-Israel 2026 (Epic Fury)
2024-12-12 19:10:08.932882,7.818896259268016,19.137796233257063,Iran-Israel 2026 (Epic Fury)
2024-12-13 19:10:08.932882,10.570153011158308,22.209174911786636,Iran-Israel 2026 (Epic Fury)
2024-12-14 19:10:08.932882,8.704728578731675,27.05791650124476,Iran-Israel 2026 (Epic Fury)
2024-12-15 19:10:08.932882,17.33563767689475,16.893392453419086,Iran-Israel 2026 (Epic Fury)
2024-12-16 19:10:08.932882,16.24854687344154,19.161096999458138,Iran-Israel 2026 (Epic Fury)
2024-12-17 19:10:08.932882,13.008870046232813,11.433019854402795,Iran-Israel 2026 (Epic Fury)
2024-12-18 19:10:08.932882,6.745690456407072,24.836139694755815,Iran-Israel 2026 (Epic Fury)
2024-12-19 19:10:08.932882,11.026381517478999,18.24105806264729,Iran-Israel 2026 (Epic Fury)
2024-12-20 19:10:08.932882,10.83170013588034,11.367785490563593,Iran-Israel 2026 (Epic Fury)
2024-12-21 19:10:08.932882,6.509068551796235,16.360527283703426,Iran-Israel 2026 (Epic Fury)
2024-12-22 19:10:08.932882,16.258449653664375,20.96269416495455,Iran-Israel 2026 (Epic Fury)
2024-12-23 19:10:08.932882,8.733732411608838,25.847570620500935,Iran-Israel 2026 (Epic Fury)
2024-12-24 19:10:08.932882,9.06779063348476,24.23523689872426,Iran-Israel 2026 (Epic Fury)
2024-12-25 19:10:08.932882,18.333897119295713,16.825323926780975,Iran-Israel 2026 (Epic Fury)
2024-12-26 19:10:08.932882,13.137051103761383,10.83343914603069,Iran-Israel 2026 (Epic Fury)
2024-12-27 19:10:08.932882,6.923110716462909,15.882041185092708,Iran-Israel 2026 (Epic Fury)
2024-12-28 19:10:08.932882,12.58890432505382,11.505399158116694,Iran-Israel 2026 (Epic Fury)
2024-12-29 19:10:08.932882,11.66868779012378,29.219708844894747,Iran-Israel 2026 (Epic Fury)
2024-12-30 19:10:08.932882,19.408939098976813,22.33835735029534,Iran-Israel 2026 (Epic Fury)
2024-12-31 19:10:08.932882,19.046063155480162,20.28423790331508,Iran-Israel 2026 (Epic Fury)
2025-01-01 19:10:08.932882,15.144733530098213,27.48191008019361,Iran-Israel 2026 (Epic Fury)
2025-01-02 19:10:08.932882,18.567323257065453,19.910674115728284,Iran-Israel 2026 (Epic Fury)
2025-01-03 19:10:08.932882,8.144541427616304,23.24045654796549,Iran-Israel 2026 (Epic Fury)
2025-01-04 19:10:08.932882,9.025814621711476,23.86454003293525,Iran-Israel 2026 (Epic Fury)
2025-01-05 19:10:08.932882,17.004049264262296,21.920522056785792,Iran-Israel 2026 (Epic Fury)
2025-01-06 19:10:08.932882,17.599935910005605,11.71802916817997,Iran-Israel 2026 (Epic Fury)
2025-01-07 19:10:08.932882,8.11395444478857,20.304834439348376,Iran-Israel 2026 (Epic Fury)
2025-01-08 19:10:08.932882,16.661063709227022,22.852878645027463,Iran-Israel 2026 (Epic Fury)
2025-01-09 19:10:08.932882,6.494796245617234,15.391323499411456,Iran-Israel 2026 (Epic Fury)
2025-01-10 19:10:08.932882,6.870941741059056,20.2225542111725,Iran-Israel 2026 (Epic Fury)
2025-01-11 19:10:08.932882,14.41822147053362,13.643886937106044,Iran-Israel 2026 (Epic Fury)
2025-01-12 19:10:08.932882,6.327992647727706,26.42628208303536,Iran-Israel 2026 (Epic Fury)
2025-01-13 19:10:08.932882,13.00263043771416,17.505459246614443,Iran-Israel 2026 (Epic Fury)
2025-01-14 19:10:08.932882,11.813568467926599,12.181051711978741,Iran-Israel 2026 (Epic Fury)
2025-01-15 19:10:08.932882,11.021003471208713,29.469111809979555,Iran-Israel 2026 (Epic Fury)
2025-01-16 19:10:08.932882,16.736075486608023,21.62690653489994,Iran-Israel 2026 (Epic Fury)
2025-01-17 19:10:08.932882,5.562370480429819,25.331990246167067,Iran-Israel 2026 (Epic Fury)
2025-01-18 19:10:08.932882,14.019601674237746,23.113469253085437,Iran-Israel 2026 (Epic Fury)
2025-01-19 19:10:08.932882,19.59229074816568,14.25052043220691,Iran-Israel 2026 (Epic Fury)
2025-01-20 19:10:08.932882,8.470676701211959,15.01722089366747,Iran-Israel 2026 (Epic Fury)
2025-01-21 19:10:08.932882,5.941976805657855,29.45365966388867,Iran-Israel 2026 (Epic Fury)
2025-01-22 19:10:08.932882,11.811400354350596,28.169837286495042,Iran-Israel 2026 (Epic Fury)
2025-01-23 19:10:08.932882,9.38239119989035,13.451893054185504,Iran-Israel 2026 (Epic Fury)
2025-01-24 19:10:08.932882,15.630605189955576,14.584523755798129,Iran-Israel 2026 (Epic Fury)
2025-01-25 19:10:08.932882,15.526212848137101,10.894960487449868,Iran-Israel 2026 (Epic Fury)
2025-01-26 19:10:08.932882,10.71747187148549,22.803865349277114,Iran-Israel 2026 (Epic Fury)
2025-01-27 19:10:08.932882,14.085926172708163,28.91220841663838,Iran-Israel 2026 (Epic Fury)
2025-01-28 19:10:08.932882,6.218591403247187,20.46684614154384,Iran-Israel 2026 (Epic Fury)
2025-01-29 19:10:08.932882,11.591084280019953,13.526813066900436,Iran-Israel 2026 (Epic Fury)
2025-01-30 19:10:08.932882,10.235448741259734,10.207929865648182,Iran-Israel 2026 (Epic Fury)
2025-01-31 19:10:08.932882,18.44730373899619,12.290131699401243,Iran-Israel 2026 (Epic Fury)
2025-02-01 19:10:08.932882,9.405901437114437,20.78184476870741,Iran-Israel 2026 (Epic Fury)
2025-02-02 19:10:08.932882,15.745055998843142,18.272613696247802,Iran-Israel 2026 (Epic Fury)
2025-02-03 19:10:08.932882,17.56985092578612,23.510856153070094,Iran-Israel 2026 (Epic Fury)
2025-02-04 19:10:08.932882,13.904414334012884,14.199560340099174,Iran-Israel 2026 (Epic Fury)
2025-02-05 19:10:08.932882,16.84013106567257,19.614428066640528,Iran-Israel 2026 (Epic Fury)
2025-02-06 19:10:08.932882,7.575387635805208,13.915739722117033,Iran-Israel 2026 (Epic Fury)
2025-02-07 19:10:08.932882,8.80594765863159,10.838731052221958,Iran-Israel 2026 (Epic Fury)
2025-02-08 19:10:08.932882,16.38891204078395,21.844152476890525,Iran-Israel 2026 (Epic Fury)
2025-02-09 19:10:08.932882,19.131317544321796,23.901775147655524,Iran-Israel 2026 (Epic Fury)
2025-02-10 19:10:08.932882,16.486810733046653,15.828571114959216,Iran-Israel 2026 (Epic Fury)
2025-02-11 19:10:08.932882,8.42545490898403,24.378127478928427,Iran-Israel 2026 (Epic Fury)
2025-02-12 19:10:08.932882,13.986979993722288,23.290373703893792,Iran-Israel 2026 (Epic Fury)
2025-02-13 19:10:08.932882,18.91382387203172,27.992225826599743,Iran-Israel 2026 (Epic Fury)
2025-02-14 19:10:08.932882,6.979684991654865,29.954676231991556,Iran-Israel 2026 (Epic Fury)
2025-02-15 19:10:08.932882,10.074021100550976,26.832138667722234,Iran-Israel 2026 (Epic Fury)
2025-02-16 19:10:08.932882,12.068337389838362,13.7061563435437,Iran-Israel 2026 (Epic Fury)
2025-02-17 19:10:08.932882,11.577937870699076,26.27951130545058,Iran-Israel 2026 (Epic Fury)
2025-02-18 19:10:08.932882,12.034852838287069,19.735578005883156,Iran-Israel 2026 (Epic Fury)
2025-02-19 19:10:08.932882,10.321932313188356,23.661493110735464,Iran-Israel 2026 (Epic Fury)
2025-02-20 19:10:08.932882,13.348171617319911,11.74418393906678,Iran-Israel 2026 (Epic Fury)
2025-02-21 19:10:08.932882,5.381949709856128,14.56564301429207,Iran-Israel 2026 (Epic Fury)
2025-02-22 19:10:08.932882,5.258578573554066,22.07367673871432,Iran-Israel 2026 (Epic Fury)
2025-02-23 19:10:08.932882,7.706714857083455,18.93795372428446,Iran-Israel 2026 (Epic Fury)
2025-02-24 19:10:08.932882,14.93080444945512,26.080687313433657,Iran-Israel 2026 (Epic Fury)
2025-02-25 19:10:08.932882,10.198786534586638,27.788806887822517,Iran-Israel 2026 (Epic Fury)
2025-02-26 19:10:08.932882,11.607861708406528,26.12620324762808,Iran-Israel 2026 (Epic Fury)
2025-02-27 19:10:08.932882,10.519815879916148,27.86552527318647,Iran-Israel 2026 (Epic Fury)
2025-02-28 19:10:08.932882,7.512882795747448,26.48448447756012,Iran-Israel 2026 (Epic Fury)
2025-03-01 19:10:08.932882,17.198229386862394,13.24045538021354,Iran-Israel 2026 (Epic Fury)
2025-03-02 19:10:08.932882,7.907693287750286,27.373207859020397,Iran-Israel 2026 (Epic Fury)
2025-03-03 19:10:08.932882,5.810231044227882,24.255087914811018,Iran-Israel 2026 (Epic Fury)
2025-03-04 19:10:08.932882,11.988500818333595,25.986174955025923,Iran-Israel 2026 (Epic Fury)
2025-03-05 19:10:08.932882,18.673504044324076,18.31204417167903,Iran-Israel 2026 (Epic Fury)
2025-03-06 19:10:08.932882,5.459256148310589,14.345894419914416,Iran-Israel 2026 (Epic Fury)
2025-03-07 19:10:08.932882,8.299387826110213,16.2081700020882,Iran-Israel 2026 (Epic Fury)
2025-03-08 19:10:08.932882,12.57805155484229,12.55436976800571,Iran-Israel 2026 (Epic Fury)
2025-03-09 19:10:08.932882,8.494047741366689,18.144474758892564,Iran-Israel 2026 (Epic Fury)
2025-03-10 19:10:08.932882,5.297557747827851,18.63701806759604,Iran-Israel 2026 (Epic Fury)
2025-03-11 19:10:08.932882,14.41049999881998,10.780908500490662,Iran-Israel 2026 (Epic Fury)
2025-03-12 19:10:08.932882,10.945887200608569,20.064083185652343,Iran-Israel 2026 (Epic Fury)
2025-03-13 19:10:08.932882,18.994570558609524,28.005112749553252,Iran-Israel 2026 (Epic Fury)
2025-03-14 19:10:08.932882,15.188014762901897,25.25768964103839,Iran-Israel 2026 (Epic Fury)
2025-03-15 19:10:08.932882,15.31184249699071,17.49437759916094,Iran-Israel 2026 (Epic Fury)
2025-03-16 19:10:08.932882,10.949189792734693,25.13360105788232,Iran-Israel 2026 (Epic Fury)
2025-03-17 19:10:08.932882,18.299454055740505,14.75382506984758,Iran-Israel 2026 (Epic Fury)
2025-03-18 19:10:08.932882,17.32734685974085,17.993617026560486,Iran-Israel 2026 (Epic Fury)
2025-03-19 19:10:08.932882,7.335988359295243,28.34304451149769,Iran-Israel 2026 (Epic Fury)
2025-03-20 19:10:08.932882,10.714342661184627,24.91433248366733,Iran-Israel 2026 (Epic Fury)
2025-03-21 19:10:08.932882,17.280820870301564,15.532846427048607,Iran-Israel 2026 (Epic Fury)
2025-03-22 19:10:08.932882,14.785907979484495,28.674495652944383,Iran-Israel 2026 (Epic Fury)
2025-03-23 19:10:08.932882,19.007552631753768,16.001730489624094,Iran-Israel 2026 (Epic Fury)
2025-03-24 19:10:08.932882,17.272426382019223,10.797388776482695,Iran-Israel 2026 (Epic Fury)
2025-03-25 19:10:08.932882,5.985560022378494,27.338995979950443,Iran-Israel 2026 (Epic Fury)
2025-03-26 19:10:08.932882,17.64555944152749,24.190622290402906,Iran-Israel 2026 (Epic Fury)
2025-03-27 19:10:08.932882,9.948949578849348,23.5773728196255,Iran-Israel 2026 (Epic Fury)
2025-03-28 19:10:08.932882,10.484986300235061,21.17290017044806,Iran-Israel 2026 (Epic Fury)
2025-03-29 19:10:08.932882,18.96944019884012,27.32618317737877,Iran-Israel 2026 (Epic Fury)
2025-03-30 19:10:08.932882,12.28502477969747,29.35549518817749,Iran-Israel 2026 (Epic Fury)
2025-03-31 19:10:08.932882,18.095869754093506,17.030864401208028,Iran-Israel 2026 (Epic Fury)
2025-04-01 19:10:08.932882,17.875042966430037,20.071501472313646,Iran-Israel 2026 (Epic Fury)
2025-04-02 19:10:08.932882,10.300440302436684,23.438390054366018,Iran-Israel 2026 (Epic Fury)
2025-04-03 19:10:08.932882,17.60563682260361,24.481776653128534,Iran-Israel 2026 (Epic Fury)
2025-04-04 19:10:08.932882,10.62049658597288,20.280046567101863,Iran-Israel 2026 (Epic Fury)
2025-04-05 19:10:08.932882,19.027172555558742,12.241152811939624,Iran-Israel 2026 (Epic Fury)
2025-04-06 19:10:08.932882,11.409137105918292,20.105028190862278,Iran-Israel 2026 (Epic Fury)
2025-04-07 19:10:08.932882,16.989175315221473,23.461080402865598,Iran-Israel 2026 (Epic Fury)
2025-04-08 19:10:08.932882,16.137349022922898,23.784024458665833,Iran-Israel 2026 (Epic Fury)
2025-04-09 19:10:08.932882,9.643824889230062,10.5956942759018,Iran-Israel 2026 (Epic Fury)
2025-04-10 19:10:08.932882,12.593513750852516,11.038689797466931,Iran-Israel 2026 (Epic Fury)
2025-04-11 19:10:08.932882,15.352164258922528,29.635576986645,Iran-Israel 2026 (Epic Fury)
2025-04-12 19:10:08.932882,19.385863400727608,12.944406660099325,Iran-Israel 2026 (Epic Fury)
2025-04-13 19:10:08.932882,9.82982663268928,25.7409626340792,Iran-Israel 2026 (Epic Fury)
2025-04-14 19:10:08.932882,10.172545488700102,14.081314234835354,Iran-Israel 2026 (Epic Fury)
2025-04-15 19:10:08.932882,8.813777935082792,14.08720872608763,Iran-Israel 2026 (Epic Fury)
2025-04-16 19:10:08.932882,19.37753969655485,10.480277261778655,Iran-Israel 2026 (Epic Fury)
2025-04-17 19:10:08.932882,13.551725176608713,20.782866037590164,Iran-Israel 2026 (Epic Fury)
2025-04-18 19:10:08.932882,18.792481065659135,28.849978667080713,Iran-Israel 2026 (Epic Fury)
2025-04-19 19:10:08.932882,5.720460340830742,23.265424918654322,Iran-Israel 2026 (Epic Fury)
2025-04-20 19:10:08.932882,15.550686510392712,27.791085468776146,Iran-Israel 2026 (Epic Fury)
2025-04-21 19:10:08.932882,14.470346447777274,28.151656125973773,Iran-Israel 2026 (Epic Fury)
2025-04-22 19:10:08.932882,19.837087963287992,16.04352548519941,Iran-Israel 2026 (Epic Fury)
2025-04-23 19:10:08.932882,13.16258292444768,14.617316592548168,Iran-Israel 2026 (Epic Fury)
2025-04-24 19:10:08.932882,7.053938220394346,29.105865819966816,Iran-Israel 2026 (Epic Fury)
2025-04-25 19:10:08.932882,7.506148841082203,12.678648738784338,Iran-Israel 2026 (Epic Fury)
2025-04-26 19:10:08.932882,5.545572152657031,21.730633247148916,Iran-Israel 2026 (Epic Fury)
2025-04-27 19:10:08.932882,13.321484837241256,22.634829456002606,Iran-Israel 2026 (Epic Fury)
2025-04-28 19:10:08.932882,12.747976884189292,15.213864480456099,Iran-Israel 2026 (Epic Fury)
2025-04-29 19:10:08.932882,18.830358273259037,21.08797375325266,Iran-Israel 2026 (Epic Fury)
2025-04-30 19:10:08.932882,9.515151758027223,18.140176717818925,Iran-Israel 2026 (Epic Fury)
2025-05-01 19:10:08.932882,8.924324625684703,11.288095607731666,Iran-Israel 2026 (Epic Fury)
2025-05-02 19:10:08.932882,17.239812623311245,10.387406995215954,Iran-Israel 2026 (Epic Fury)
2025-05-03 19:10:08.932882,7.7899826262794605,18.020244515803398,Iran-Israel 2026 (Epic Fury)
2025-05-04 19:10:08.932882,5.162996836111672,26.319958374809055,Iran-Israel 2026 (Epic Fury)
2025-05-05 19:10:08.932882,7.80090368942183,14.30617704596285,Iran-Israel 2026 (Epic Fury)
2025-05-06 19:10:08.932882,10.164241944932952,14.317518296104186,Iran-Israel 2026 (Epic Fury)
2025-05-07 19:10:08.932882,17.8837810699388,10.22686791406059,Iran-Israel 2026 (Epic Fury)
2025-05-08 19:10:08.932882,19.610219243096207,17.27909834566278,Iran-Israel 2026 (Epic Fury)
2025-05-09 19:10:08.932882,6.84510641389797,22.162125603645165,Iran-Israel 2026 (Epic Fury)
2025-05-10 19:10:08.932882,15.389214054021949,17.152392041799736,Iran-Israel 2026 (Epic Fury)
2025-05-11 19:10:08.932882,10.227973535529472,26.093124153511937,Iran-Israel 2026 (Epic Fury)
2025-05-12 19:10:08.932882,12.288743850049485,19.744251556322872,Iran-Israel 2026 (Epic Fury)
2025-05-13 19:10:08.932882,16.183110043469917,23.592116772351748,Iran-Israel 2026 (Epic Fury)
2025-05-14 19:10:08.932882,8.814183026973621,21.542513759437917,Iran-Israel 2026 (Epic Fury)
2025-05-15 19:10:08.932882,9.60426660898206,12.645492799822254,Iran-Israel 2026 (Epic Fury)
2025-05-16 19:10:08.932882,13.208911320832556,29.15184305395308,Iran-Israel 2026 (Epic Fury)
2025-05-17 19:10:08.932882,8.383881505508679,17.898732740784933,Iran-Israel 2026 (Epic Fury)
2025-05-18 19:10:08.932882,10.081740870834441,26.154163729409646,Iran-Israel 2026 (Epic Fury)
2025-05-19 19:10:08.932882,8.420178146805132,13.981206211706212,Iran-Israel 2026 (Epic Fury)
2025-05-20 19:10:08.932882,8.233582035021875,18.286233109455107,Iran-Israel 2026 (Epic Fury)
2025-05-21 19:10:08.932882,16.856684265284006,11.860509524366654,Iran-Israel 2026 (Epic Fury)
2025-05-22 19:10:08.932882,17.162209814912103,20.63857278428382,Iran-Israel 2026 (Epic Fury)
2025-05-23 19:10:08.932882,8.480575975888325,17.57577184048407,Iran-Israel 2026 (Epic Fury)
2025-05-24 19:10:08.932882,11.642398523522633,20.93085077684319,Iran-Israel 2026 (Epic Fury)
2025-05-25 19:10:08.932882,6.036240691515779,24.3275640272222,Iran-Israel 2026 (Epic Fury)
2025-05-26 19:10:08.932882,10.0603899559136,15.491212098380387,Iran-Israel 2026 (Epic Fury)
2025-05-27 19:10:08.932882,15.068955636153035,11.263547256485715,Iran-Israel 2026 (Epic Fury)
2025-05-28 19:10:08.932882,14.6440304940948,20.48302679396267,Iran-Israel 2026 (Epic Fury)
2025-05-29 19:10:08.932882,19.37896276505375,20.992630294677983,Iran-Israel 2026 (Epic Fury)
2025-05-30 19:10:08.932882,11.865373167774244,25.465758533478084,Iran-Israel 2026 (Epic Fury)
2025-05-31 19:10:08.932882,9.103661083752236,26.839173393370142,Iran-Israel 2026 (Epic Fury)
2025-06-01 19:10:08.932882,7.168845894439737,13.472638956530997,Iran-Israel 2026 (Epic Fury)
2025-06-02 19:10:08.932882,17.109452490554382,22.62210310921091,Iran-Israel 2026 (Epic Fury)
2025-06-03 19:10:08.932882,8.022918714946027,25.905992444199534,Iran-Israel 2026 (Epic Fury)
2025-06-04 19:10:08.932882,14.153812649568778,20.32125515980422,Iran-Israel 2026 (Epic Fury)
2025-06-05 19:10:08.932882,15.931046052150586,28.610037684163284,Iran-Israel 2026 (Epic Fury)
2025-06-06 19:10:08.932882,6.674577681852975,14.790059905055307,Iran-Israel 2026 (Epic Fury)
2025-06-07 19:10:08.932882,5.370334733950805,22.08253647346531,Iran-Israel 2026 (Epic Fury)
2025-06-08 19:10:08.932882,8.774476837432124,12.389196212720128,Iran-Israel 2026 (Epic Fury)
2025-06-09 19:10:08.932882,8.05972886088591,29.640992121909594,Iran-Israel 2026 (Epic Fury)
2025-06-10 19:10:08.932882,7.473656561136836,11.29548484861333,Iran-Israel 2026 (Epic Fury)
2025-06-11 19:10:08.932882,16.641456919308183,18.65801956767367,Iran-Israel 2026 (Epic Fury)
2025-06-12 19:10:08.932882,13.876387036943333,16.68049983936158,Iran-Israel 2026 (Epic Fury)
2025-06-13 19:10:08.932882,9.007160016242857,16.083438986078413,Iran-Israel 2026 (Epic Fury)
2025-06-14 19:10:08.932882,16.916182384107138,27.17702689433218,Iran-Israel 2026 (Epic Fury)
2025-06-15 19:10:08.932882,18.705838607050417,11.37855386346943,Iran-Israel 2026 (Epic Fury)
2025-06-16 19:10:08.932882,9.434370706322015,23.579024469554312,Iran-Israel 2026 (Epic Fury)
2025-06-17 19:10:08.932882,17.203213293502202,12.689727853904138,Iran-Israel 2026 (Epic Fury)
2025-06-18 19:10:08.932882,9.698695994461445,15.91978284676578,Iran-Israel 2026 (Epic Fury)
2025-06-19 19:10:08.932882,14.108883953643458,13.442964213108874,Iran-Israel 2026 (Epic Fury)
2025-06-20 19:10:08.932882,6.93653155423881,27.263585025456553,Iran-Israel 2026 (Epic Fury)
2025-06-21 19:10:08.932882,9.382264338501745,20.032436845106172,Iran-Israel 2026 (Epic Fury)
2025-06-22 19:10:08.932882,17.47602146337546,27.235518751351186,Iran-Israel 2026 (Epic Fury)
2025-06-23 19:10:08.932882,6.045876437165174,17.21674576012601,Iran-Israel 2026 (Epic Fury)
2025-06-24 19:10:08.932882,10.606077945687929,11.168632411460226,Iran-Israel 2026 (Epic Fury)
2025-06-25 19:10:08.932882,15.909283956839246,28.10077289540466,Iran-Israel 2026 (Epic Fury)
2025-06-26 19:10:08.932882,19.829795308725178,26.51439494690552,Iran-Israel 2026 (Epic Fury)
2025-06-27 19:10:08.932882,9.130087629993312,27.936853439089788,Iran-Israel 2026 (Epic Fury)
2025-06-28 19:10:08.932882,17.511975043691223,26.25991245771316,Iran-Israel 2026 (Epic Fury)
2025-06-29 19:10:08.932882,6.736037112728284,22.119494880299506,Iran-Israel 2026 (Epic Fury)
2025-06-30 19:10:08.932882,19.319285350203103,18.166463765420485,Iran-Israel 2026 (Epic Fury)
2025-07-01 19:10:08.932882,10.641986119045708,25.913590155157113,Iran-Israel 2026 (Epic Fury)
2025-07-02 19:10:08.932882,14.018838444402194,10.777733924918403,Iran-Israel 2026 (Epic Fury)
2025-07-03 19:10:08.932882,19.324884021505397,14.192148216202922,Iran-Israel 2026 (Epic Fury)
2025-07-04 19:10:08.932882,15.896048001196853,11.541025586193514,Iran-Israel 2026 (Epic Fury)
2025-07-05 19:10:08.932882,17.127671232903126,28.482793472996853,Iran-Israel 2026 (Epic Fury)
2025-07-06 19:10:08.932882,16.166884765161,25.306779862145014,Iran-Israel 2026 (Epic Fury)
2025-07-07 19:10:08.932882,8.756754439991928,26.44782019758661,Iran-Israel 2026 (Epic Fury)
2025-07-08 19:10:08.932882,13.21604014306358,22.95927072524929,Iran-Israel 2026 (Epic Fury)
2025-07-09 19:10:08.932882,14.210434398190674,13.451023770884198,Iran-Israel 2026 (Epic Fury)
2025-07-10 19:10:08.932882,14.03036308670732,29.76479662928308,Iran-Israel 2026 (Epic Fury)
2025-07-11 19:10:08.932882,12.424193542773418,29.04014636643048,Iran-Israel 2026 (Epic Fury)
2025-07-12 19:10:08.932882,10.883488395596968,14.810222243375097,Iran-Israel 2026 (Epic Fury)
2025-07-13 19:10:08.932882,14.695088120863332,14.073961448441787,Iran-Israel 2026 (Epic Fury)
2025-07-14 19:10:08.932882,18.75106497812385,16.06929524868967,Iran-Israel 2026 (Epic Fury)
2025-07-15 19:10:08.932882,15.722566650794544,15.457188278294339,Iran-Israel 2026 (Epic Fury)
2025-07-16 19:10:08.932882,15.96661524712565,23.584207945422946,Iran-Israel 2026 (Epic Fury)
2025-07-17 19:10:08.932882,18.627201464927456,21.105847892930804,Iran-Israel 2026 (Epic Fury)
2025-07-18 19:10:08.932882,16.948408308684463,12.66627711940604,Iran-Israel 2026 (Epic Fury)
2025-07-19 19:10:08.932882,17.796020625562875,23.98078221465387,Iran-Israel 2026 (Epic Fury)
2025-07-20 19:10:08.932882,11.603658170255585,13.362172942508154,Iran-Israel 2026 (Epic Fury)
2025-07-21 19:10:08.932882,8.767069885654552,21.441280702030376,Iran-Israel 2026 (Epic Fury)
2025-07-22 19:10:08.932882,18.173589675182406,12.555290074354097,Iran-Israel 2026 (Epic Fury)
2025-07-23 19:10:08.932882,19.34359207774081,14.221354224384102,Iran-Israel 2026 (Epic Fury)
2025-07-24 19:10:08.932882,11.019864012000898,17.74620939933725,Iran-Israel 2026 (Epic Fury)
2025-07-25 19:10:08.932882,11.743565389073934,20.503780551094568,Iran-Israel 2026 (Epic Fury)
2025-07-26 19:10:08.932882,15.29701497032403,29.24817155945866,Iran-Israel 2026 (Epic Fury)
2025-07-27 19:10:08.932882,5.916374770673337,15.743789168217345,Iran-Israel 2026 (Epic Fury)
2025-07-28 19:10:08.932882,7.4662040756425565,20.22472325726449,Iran-Israel 2026 (Epic Fury)
2025-07-29 19:10:08.932882,11.349844349081977,28.271488904264572,Iran-Israel 2026 (Epic Fury)
2025-07-30 19:10:08.932882,17.53962990985395,20.83395979733325,Iran-Israel 2026 (Epic Fury)
2025-07-31 19:10:08.932882,7.962963832228392,13.07668225969989,Iran-Israel 2026 (Epic Fury)
2025-08-01 19:10:08.932882,5.035335420005613,18.118052452626117,Iran-Israel 2026 (Epic Fury)
2025-08-02 19:10:08.932882,9.862978568069124,16.634020487501555,Iran-Israel 2026 (Epic Fury)
2025-08-03 19:10:08.932882,16.56916037001624,25.320243933274433,Iran-Israel 2026 (Epic Fury)
2025-08-04 19:10:08.932882,9.77723555415814,12.525740901850126,Iran-Israel 2026 (Epic Fury)
2025-08-05 19:10:08.932882,5.494613241523064,20.766763463882725,Iran-Israel 2026 (Epic Fury)
2025-08-06 19:10:08.932882,16.916978408925416,14.298485195219726,Iran-Israel 2026 (Epic Fury)
2025-08-07 19:10:08.932882,14.023710137580474,17.08724947282124,Iran-Israel 2026 (Epic Fury)
2025-08-08 19:10:08.932882,10.238149419862143,24.799269273898535,Iran-Israel 2026 (Epic Fury)
2025-08-09 19:10:08.932882,13.894338463962901,22.721576459524577,Iran-Israel 2026 (Epic Fury)
2025-08-10 19:10:08.932882,11.171649441441499,17.667115620521887,Iran-Israel 2026 (Epic Fury)
2025-08-11 19:10:08.932882,18.627551190627933,11.517299592247118,Iran-Israel 2026 (Epic Fury)
2025-08-12 19:10:08.932882,13.38058209953544,25.880750934226043,Iran-Israel 2026 (Epic Fury)
2025-08-13 19:10:08.932882,9.899014102560674,19.996034059014548,Iran-Israel 2026 (Epic Fury)
2025-08-14 19:10:08.932882,11.236338105694049,15.322796069812341,Iran-Israel 2026 (Epic Fury)
2025-08-15 19:10:08.932882,11.624483111970196,24.876999126850045,Iran-Israel 2026 (Epic Fury)
2025-08-16 19:10:08.932882,9.253658147160655,27.479828923103675,Iran-Israel 2026 (Epic Fury)
2025-08-17 19:10:08.932882,19.31180628252033,28.373621716546722,Iran-Israel 2026 (Epic Fury)
2025-08-18 19:10:08.932882,12.761025043492719,22.248561855769346,Iran-Israel 2026 (Epic Fury)
2025-08-19 19:10:08.932882,15.597190875047305,29.836863984817192,Iran-Israel 2026 (Epic Fury)
2025-08-20 19:10:08.932882,11.386594689688033,25.989655613792923,Iran-Israel 2026 (Epic Fury)
2025-08-21 19:10:08.932882,19.52512141143172,13.10998695260456,Iran-Israel 2026 (Epic Fury)
2025-08-22 19:10:08.932882,15.470683257593794,27.895425108161113,Iran-Israel 2026 (Epic Fury)
2025-08-23 19:10:08.932882,7.956469343516349,12.09828935091872,Iran-Israel 2026 (Epic Fury)
2025-08-24 19:10:08.932882,10.077446635727792,19.786112231121145,Iran-Israel 2026 (Epic Fury)
2025-08-25 19:10:08.932882,5.791140059287097,21.208728938548955,Iran-Israel 2026 (Epic Fury)
2025-08-26 19:10:08.932882,15.303767733929583,29.77943055556041,Iran-Israel 2026 (Epic Fury)
2025-08-27 19:10:08.932882,15.642937161703824,14.246606981678891,Iran-Israel 2026 (Epic Fury)
2025-08-28 19:10:08.932882,11.113785025643853,19.618704063552688,Iran-Israel 2026 (Epic Fury)
2025-08-29 19:10:08.932882,16.076034107933083,19.724893108508617,Iran-Israel 2026 (Epic Fury)
2025-08-30 19:10:08.932882,13.727993793227919,24.84713793328168,Iran-Israel 2026 (Epic Fury)
2025-08-31 19:10:08.932882,12.944916437634838,14.48520603356011,Iran-Israel 2026 (Epic Fury)
2025-09-01 19:10:08.932882,16.23530370211715,27.169526563416508,Iran-Israel 2026 (Epic Fury)
2025-09-02 19:10:08.932882,11.76549300819482,24.36601800259295,Iran-Israel 2026 (Epic Fury)
2025-09-03 19:10:08.932882,6.452572409536686,26.32814596853478,Iran-Israel 2026 (Epic Fury)
2025-09-04 19:10:08.932882,16.99558478838027,24.2984123967483,Iran-Israel 2026 (Epic Fury)
2025-09-05 19:10:08.932882,12.420259807530991,12.764053898666901,Iran-Israel 2026 (Epic Fury)
2025-09-06 19:10:08.932882,11.87881833050865,26.869235074296128,Iran-Israel 2026 (Epic Fury)
2025-09-07 19:10:08.932882,16.059734478738186,28.5995081034468,Iran-Israel 2026 (Epic Fury)
2025-09-08 19:10:08.932882,12.646485783469506,13.649451223531162,Iran-Israel 2026 (Epic Fury)
2025-09-09 19:10:08.932882,7.951476913064078,12.192710641633322,Iran-Israel 2026 (Epic Fury)
2025-09-10 19:10:08.932882,12.496067313269068,29.656515919014943,Iran-Israel 2026 (Epic Fury)
2025-09-11 19:10:08.932882,15.841667021609016,29.369978908410573,Iran-Israel 2026 (Epic Fury)
2025-09-12 19:10:08.932882,8.270987252958747,14.490821229749995,Iran-Israel 2026 (Epic Fury)
2025-09-13 19:10:08.932882,11.826026674006393,29.66488338211369,Iran-Israel 2026 (Epic Fury)
2025-09-14 19:10:08.932882,11.711064190576883,24.989349897667847,Iran-Israel 2026 (Epic Fury)
2025-09-15 19:10:08.932882,13.703333209967402,25.993511643803835,Iran-Israel 2026 (Epic Fury)
2025-09-16 19:10:08.932882,16.407563724553647,28.967624373524604,Iran-Israel 2026 (Epic Fury)
2025-09-17 19:10:08.932882,7.985929442354775,28.791284574124617,Iran-Israel 2026 (Epic Fury)
2025-09-18 19:10:08.932882,7.6880160523075585,12.157508115204385,Iran-Israel 2026 (Epic Fury)
2025-09-19 19:10:08.932882,10.496626373262536,28.386715853876268,Iran-Israel 2026 (Epic Fury)
2025-09-20 19:10:08.932882,19.860621072376066,19.581595813866052,Iran-Israel 2026 (Epic Fury)
2025-09-21 19:10:08.932882,18.577349746416708,13.49107344195785,Iran-Israel 2026 (Epic Fury)
2025-09-22 19:10:08.932882,11.304046311950657,21.739111681207852,Iran-Israel 2026 (Epic Fury)
2025-09-23 19:10:08.932882,19.18169823924723,10.485670311797525,Iran-Israel 2026 (Epic Fury)
2025-09-24 19:10:08.932882,13.464748018590862,18.502280100604573,Iran-Israel 2026 (Epic Fury)
2025-09-25 19:10:08.932882,6.758717528633832,25.00403574978155,Iran-Israel 2026 (Epic Fury)
2025-09-26 19:10:08.932882,10.9632095091989,15.238135442328842,Iran-Israel 2026 (Epic Fury)
2025-09-27 19:10:08.932882,11.460894255021522,28.070006441879155,Iran-Israel 2026 (Epic Fury)
2025-09-28 19:10:08.932882,17.58583501961302,18.25710262558163,Iran-Israel 2026 (Epic Fury)
2025-09-29 19:10:08.932882,9.56989492224302,26.99349627192691,Iran-Israel 2026 (Epic Fury)
2025-09-30 19:10:08.932882,6.521374552379309,22.65064687788888,Iran-Israel 2026 (Epic Fury)
2025-10-01 19:10:08.932882,11.031951240581034,23.20322806138428,Iran-Israel 2026 (Epic Fury)
2025-10-02 19:10:08.932882,7.926988593277436,13.507471698351976,Iran-Israel 2026 (Epic Fury)
2025-10-03 19:10:08.932882,15.60384731282197,17.066427782174927,Iran-Israel 2026 (Epic Fury)
2025-10-04 19:10:08.932882,11.843203136934473,20.580452982676462,Iran-Israel 2026 (Epic Fury)
2025-10-05 19:10:08.932882,5.397640097285677,11.602741623138337,Iran-Israel 2026 (Epic Fury)
2025-10-06 19:10:08.932882,13.820017163948085,27.757639995535378,Iran-Israel 2026 (Epic Fury)
2025-10-07 19:10:08.932882,19.128662559099382,12.547536163502699,Iran-Israel 2026 (Epic Fury)
2025-10-08 19:10:08.932882,15.131028229218087,19.5068330937993,Iran-Israel 2026 (Epic Fury)
2025-10-09 19:10:08.932882,7.29063540879122,18.554532094250483,Iran-Israel 2026 (Epic Fury)
2025-10-10 19:10:08.932882,11.794713593245465,24.432252091420104,Iran-Israel 2026 (Epic Fury)
2025-10-11 19:10:08.932882,13.67616891496838,23.036833785797086,Iran-Israel 2026 (Epic Fury)
2025-10-12 19:10:08.932882,5.505362587057263,26.420409145298226,Iran-Israel 2026 (Epic Fury)
2025-10-13 19:10:08.932882,17.467575248260992,29.29176907998882,Iran-Israel 2026 (Epic Fury)
2025-10-14 19:10:08.932882,5.03464228373724,13.261725863951579,Iran-Israel 2026 (Epic Fury)
2025-10-15 19:10:08.932882,15.546479632643491,11.767791168461908,Iran-Israel 2026 (Epic Fury)
2025-10-16 19:10:08.932882,18.158801288827494,18.549659320572594,Iran-Israel 2026 (Epic Fury)
2025-10-17 19:10:08.932882,14.716655860673477,13.020626558745718,Iran-Israel 2026 (Epic Fury)
2025-10-18 19:10:08.932882,11.079693589145975,12.791599637987808,Iran-Israel 2026 (Epic Fury)
2025-10-19 19:10:08.932882,9.859246518396622,23.4233743769662,Iran-Israel 2026 (Epic Fury)
2025-10-20 19:10:08.932882,16.08147390728991,19.556162083679226,Iran-Israel 2026 (Epic Fury)
2025-10-21 19:10:08.932882,18.35699216787122,22.95023318526279,Iran-Israel 2026 (Epic Fury)
2025-10-22 19:10:08.932882,13.1035718206819,11.723198836906706,Iran-Israel 2026 (Epic Fury)
2025-10-23 19:10:08.932882,8.519072055701901,21.377332854936007,Iran-Israel 2026 (Epic Fury)
2025-10-24 19:10:08.932882,16.321421040061733,22.14497222699087,Iran-Israel 2026 (Epic Fury)
2025-10-25 19:10:08.932882,9.77886249374188,16.15824378897853,Iran-Israel 2026 (Epic Fury)
2025-10-26 19:10:08.932882,11.480830720248871,17.97917854406363,Iran-Israel 2026 (Epic Fury)
2025-10-27 19:10:08.932882,14.667207877467554,29.387589070099956,Iran-Israel 2026 (Epic Fury)
2025-10-28 19:10:08.932882,7.0724879153212505,25.543777466951923,Iran-Israel 2026 (Epic Fury)
2025-10-29 19:10:08.932882,7.8136333005092355,11.671493324792904,Iran-Israel 2026 (Epic Fury)
2025-10-30 19:10:08.932882,19.102649543183325,24.537083333576284,Iran-Israel 2026 (Epic Fury)
2025-10-31 19:10:08.932882,16.377664680896583,14.980387292664798,Iran-Israel 2026 (Epic Fury)
2025-11-01 19:10:08.932882,17.8429537636735,26.11407165566067,Iran-Israel 2026 (Epic Fury)
2025-11-02 19:10:08.932882,7.868254356957934,27.59543474567216,Iran-Israel 2026 (Epic Fury)
2025-11-03 19:10:08.932882,5.20885227869918,29.815945744926566,Iran-Israel 2026 (Epic Fury)
2025-11-04 19:10:08.932882,11.437132802082967,14.358165208557867,Iran-Israel 2026 (Epic Fury)
2025-11-05 19:10:08.932882,14.28824832837632,24.642151446546343,Iran-Israel 2026 (Epic Fury)
2025-11-06 19:10:08.932882,9.83974618016619,19.950958648614176,Iran-Israel 2026 (Epic Fury)
2025-11-07 19:10:08.932882,18.77283197962568,18.797499123494994,Iran-Israel 2026 (Epic Fury)
2025-11-08 19:10:08.932882,16.88068571868707,14.597861992373687,Iran-Israel 2026 (Epic Fury)
2025-11-09 19:10:08.932882,17.500740284543298,10.135793240592987,Iran-Israel 2026 (Epic Fury)
2025-11-10 19:10:08.932882,10.706224576027397,11.170613729796923,Iran-Israel 2026 (Epic Fury)
2025-11-11 19:10:08.932882,15.366655987403844,13.022304225926145,Iran-Israel 2026 (Epic Fury)
2025-11-12 19:10:08.932882,5.110722192130161,12.894669283136118,Iran-Israel 2026 (Epic Fury)
2025-11-13 19:10:08.932882,18.8561951342436,29.058238581204826,Iran-Israel 2026 (Epic Fury)
2025-11-14 19:10:08.932882,10.622642454725018,23.978674962850327,Iran-Israel 2026 (Epic Fury)
2025-11-15 19:10:08.932882,14.995217372625127,14.575086808027864,Iran-Israel 2026 (Epic Fury)
2025-11-16 19:10:08.932882,10.145347834299137,15.678048032585263,Iran-Israel 2026 (Epic Fury)
2025-11-17 19:10:08.932882,14.371995548966414,25.404471295347477,Iran-Israel 2026 (Epic Fury)
2025-11-18 19:10:08.932882,11.553711080301863,24.799053437538188,Iran-Israel 2026 (Epic Fury)
2025-11-19 19:10:08.932882,6.608676006692269,17.511242439711694,Iran-Israel 2026 (Epic Fury)
2025-11-20 19:10:08.932882,10.030189077510133,15.278250713838093,Iran-Israel 2026 (Epic Fury)
2025-11-21 19:10:08.932882,15.45325395269141,23.605675426885696,Iran-Israel 2026 (Epic Fury)
2025-11-22 19:10:08.932882,17.44576815514014,21.055463617437606,Iran-Israel 2026 (Epic Fury)
2025-11-23 19:10:08.932882,14.25339589499472,17.17777369721644,Iran-Israel 2026 (Epic Fury)
2025-11-24 19:10:08.932882,11.057930619791911,27.024005712313762,Iran-Israel 2026 (Epic Fury)
2025-11-25 19:10:08.932882,19.562949152829344,14.756096968408894,Iran-Israel 2026 (Epic Fury)
2025-11-26 19:10:08.932882,18.51273760858853,18.569320897920882,Iran-Israel 2026 (Epic Fury)
2025-11-27 19:10:08.932882,19.365465123190035,16.733203649050203,Iran-Israel 2026 (Epic Fury)
2025-11-28 19:10:08.932882,14.295565685231626,20.017309170920313,Iran-Israel 2026 (Epic Fury)
2025-11-29 19:10:08.932882,10.188056632562404,26.102031744420135,Iran-Israel 2026 (Epic Fury)
2025-11-30 19:10:08.932882,16.73524216623514,10.219034607660557,Iran-Israel 2026 (Epic Fury)
2025-12-01 19:10:08.932882,6.197967166819174,26.888750833267366,Iran-Israel 2026 (Epic Fury)
2025-12-02 19:10:08.932882,7.605053167892919,13.656472369838786,Iran-Israel 2026 (Epic Fury)
2025-12-03 19:10:08.932882,7.221949207373369,13.346710430989287,Iran-Israel 2026 (Epic Fury)
2025-12-04 19:10:08.932882,19.78709451677278,28.130072927100997,Iran-Israel 2026 (Epic Fury)
2025-12-05 19:10:08.932882,15.175072354445478,11.700501630620842,Iran-Israel 2026 (Epic Fury)
2025-12-06 19:10:08.932882,6.113858555177831,23.213173919856683,Iran-Israel 2026 (Epic Fury)
2025-12-07 19:10:08.932882,6.852240782302822,28.34455421212099,Iran-Israel 2026 (Epic Fury)
2025-12-08 19:10:08.932882,12.570912686646892,10.085763331554908,Iran-Israel 2026 (Epic Fury)
2025-12-09 19:10:08.932882,6.126264386470609,26.098004836519788,Iran-Israel 2026 (Epic Fury)
2025-12-10 19:10:08.932882,17.496151531825966,28.478230060702696,Iran-Israel 2026 (Epic Fury)
2025-12-11 19:10:08.932882,16.940128379015512,25.305940213726814,Iran-Israel 2026 (Epic Fury)
2025-12-12 19:10:08.932882,8.32206099483787,16.956895193621115,Iran-Israel 2026 (Epic Fury)
2025-12-13 19:10:08.932882,10.630354034536417,24.617881867995784,Iran-Israel 2026 (Epic Fury)
2025-12-14 19:10:08.932882,14.839908838429034,24.565699141451635,Iran-Israel 2026 (Epic Fury)
2025-12-15 19:10:08.932882,14.955164097410261,24.65099525848471,Iran-Israel 2026 (Epic Fury)
2025-12-16 19:10:08.932882,8.658393373783998,17.001831722726887,Iran-Israel 2026 (Epic Fury)
2025-12-17 19:10:08.932882,9.090849253154737,28.468985050588994,Iran-Israel 2026 (Epic Fury)
2025-12-18 19:10:08.932882,14.946195688754038,10.744353907826703,Iran-Israel 2026 (Epic Fury)
2025-12-19 19:10:08.932882,19.889639227964963,29.203911636259733,Iran-Israel 2026 (Epic Fury)
2025-12-20 19:10:08.932882,14.923073458794999,15.65359382125698,Iran-Israel 2026 (Epic Fury)
2025-12-21 19:10:08.932882,18.076940724732736,13.341976869157445,Iran-Israel 2026 (Epic Fury)
2025-12-22 19:10:08.932882,5.484588462975314,18.15934240154606,Iran-Israel 2026 (Epic Fury)
2025-12-23 19:10:08.932882,13.168567198725624,22.71543391350894,Iran-Israel 2026 (Epic Fury)
2025-12-24 19:10:08.932882,8.489010667781017,18.43829416476698,Iran-Israel 2026 (Epic Fury)
2025-12-25 19:10:08.932882,8.371887322649467,24.925276217206594,Iran-Israel 2026 (Epic Fury)
2025-12-26 19:10:08.932882,6.671136473659399,15.338762357720515,Iran-Israel 2026 (Epic Fury)
2025-12-27 19:10:08.932882,8.14938772724522,11.229660829445729,Iran-Israel 2026 (Epic Fury)
2025-12-28 19:10:08.932882,8.148766048029357,11.992511431609705,Iran-Israel 2026 (Epic Fury)
2025-12-29 19:10:08.932882,12.028368675035034,15.072406552502953,Iran-Israel 2026 (Epic Fury)
2025-12-30 19:10:08.932882,16.6009579565932,20.728779507960567,Iran-Israel 2026 (Epic Fury)
2025-12-31 19:10:08.932882,8.936456226448557,24.4721939222512,Iran-Israel 2026 (Epic Fury)
2026-01-01 19:10:08.932882,15.809065603999246,16.3181881457525,Iran-Israel 2026 (Epic Fury)
2026-01-02 19:10:08.932882,6.176797278947431,15.637718232409672,Iran-Israel 2026 (Epic Fury)
2026-01-03 19:10:08.932882,7.05686770350086,17.81120075278583,Iran-Israel 2026 (Epic Fury)
2026-01-04 19:10:08.932882,7.829425463445914,26.888547377251154,Iran-Israel 2026 (Epic Fury)
2026-01-05 19:10:08.932882,13.442839745884212,12.805775974169704,Iran-Israel 2026 (Epic Fury)
2026-01-06 19:10:08.932882,10.812313075333218,14.207874470006846,Iran-Israel 2026 (Epic Fury)
2026-01-07 19:10:08.932882,19.1978326119958,10.368442434649523,Iran-Israel 2026 (Epic Fury)
2026-01-08 19:10:08.932882,14.611407184654423,11.070987999017966,Iran-Israel 2026 (Epic Fury)
2026-01-09 19:10:08.932882,13.258234164027769,14.228973833062458,Iran-Israel 2026 (Epic Fury)
2026-01-10 19:10:08.932882,8.481392520649123,23.147237744342952,Iran-Israel 2026 (Epic Fury)
2026-01-11 19:10:08.932882,7.924421907832878,28.79504570643792,Iran-Israel 2026 (Epic Fury)
2026-01-12 19:10:08.932882,7.866253617571221,21.112770804055934,Iran-Israel 2026 (Epic Fury)
2026-01-13 19:10:08.932882,10.837195829322061,25.391141900169554,Iran-Israel 2026 (Epic Fury)
2026-01-14 19:10:08.932882,18.47430938748595,28.577496738225193,Iran-Israel 2026 (Epic Fury)
2026-01-15 19:10:08.932882,12.004817353499337,21.498161521725905,Iran-Israel 2026 (Epic Fury)
2026-01-16 19:10:08.932882,14.182199824836538,20.78265681017738,Iran-Israel 2026 (Epic Fury)
2026-01-17 19:10:08.932882,7.5976528798519665,17.065408171880772,Iran-Israel 2026 (Epic Fury)
2026-01-18 19:10:08.932882,5.831287850906579,15.310075005437675,Iran-Israel 2026 (Epic Fury)
2026-01-19 19:10:08.932882,16.296748223649537,10.924120226757923,Iran-Israel 2026 (Epic Fury)
2026-01-20 19:10:08.932882,7.2256323476743525,18.77991681438602,Iran-Israel 2026 (Epic Fury)
2026-01-21 19:10:08.932882,16.13312851473658,29.75468591289491,Iran-Israel 2026 (Epic Fury)
2026-01-22 19:10:08.932882,7.496451551051482,21.697848082294616,Iran-Israel 2026 (Epic Fury)
2026-01-23 19:10:08.932882,6.180321955663167,21.68026509113182,Iran-Israel 2026 (Epic Fury)
2026-01-24 19:10:08.932882,15.644268180800681,15.222704947265289,Iran-Israel 2026 (Epic Fury)
2026-01-25 19:10:08.932882,7.131226466408577,15.22094369115409,Iran-Israel 2026 (Epic Fury)
2026-01-26 19:10:08.932882,10.672328537003374,25.880867775841125,Iran-Israel 2026 (Epic Fury)
2026-01-27 19:10:08.932882,18.080610362314722,15.011495265560287,Iran-Israel 2026 (Epic Fury)
2026-01-28 19:10:08.932882,5.176512501066929,26.853565106226633,Iran-Israel 2026 (Epic Fury)
2026-01-29 19:10:08.932882,10.08986244843723,11.82499811878736,Iran-Israel 2026 (Epic Fury)
2026-01-30 19:10:08.932882,13.874025115719325,11.898994357673136,Iran-Israel 2026 (Epic Fury)
2026-01-31 19:10:08.932882,11.170511503212065,29.342304235994522,Iran-Israel 2026 (Epic Fury)
2026-02-01 19:10:08.932882,18.999163246187166,16.808094318991653,Iran-Israel 2026 (Epic Fury)
2026-02-02 19:10:08.932882,6.197605759372623,28.533527483464024,Iran-Israel 2026 (Epic Fury)
2026-02-03 19:10:08.932882,13.153851213800833,13.241647637329017,Iran-Israel 2026 (Epic Fury)
2026-02-04 19:10:08.932882,10.072460044765336,14.291336914622235,Iran-Israel 2026 (Epic Fury)
2026-02-05 19:10:08.932882,7.485716744468739,15.672693441215685,Iran-Israel 2026 (Epic Fury)
2026-02-06 19:10:08.932882,5.779797033746795,10.510417908446556,Iran-Israel 2026 (Epic Fury)
2026-02-07 19:10:08.932882,13.010721606524864,10.150276991455314,Iran-Israel 2026 (Epic Fury)
2026-02-08 19:10:08.932882,18.479030083989933,27.46622940701496,Iran-Israel 2026 (Epic Fury)
2026-02-09 19:10:08.932882,13.85666401580005,13.671676063850882,Iran-Israel 2026 (Epic Fury)
2026-02-10 19:10:08.932882,14.02792852689274,28.297252603743623,Iran-Israel 2026 (Epic Fury)
2026-02-11 19:10:08.932882,17.23207754496963,23.469144628424445,Iran-Israel 2026 (Epic Fury)
2026-02-12 19:10:08.932882,15.76139656272101,24.585147985238866,Iran-Israel 2026 (Epic Fury)
2026-02-13 19:10:08.932882,6.4414784744899585,13.033863596619957,Iran-Israel 2026 (Epic Fury)
2026-02-14 19:10:08.932882,19.877317296095725,10.462254571087307,Iran-Israel 2026 (Epic Fury)
2026-02-15 19:10:08.932882,19.60480678538388,23.135080777874016,Iran-Israel 2026 (Epic Fury)
2026-02-16 19:10:08.932882,19.52005690449662,10.572286664053971,Iran-Israel 2026 (Epic Fury)
2026-02-17 19:10:08.932882,5.967332834688657,29.383525346032144,Iran-Israel 2026 (Epic Fury)
2026-02-18 19:10:08.932882,12.389182504780209,17.00198929747377,Iran-Israel 2026 (Epic Fury)
2026-02-19 19:10:08.932882,7.691239955118503,12.495259523379037,Iran-Israel 2026 (Epic Fury)
2026-02-20 19:10:08.932882,9.707575983266365,17.790784808174774,Iran-Israel 2026 (Epic Fury)
2026-02-21 19:10:08.932882,16.580292239803704,26.780745329066498,Iran-Israel 2026 (Epic Fury)
2026-02-22 19:10:08.932882,5.319959995462992,11.523278400856283,Iran-Israel 2026 (Epic Fury)
2026-02-23 19:10:08.932882,12.665126755673596,27.57643815909971,Iran-Israel 2026 (Epic Fury)
2026-02-24 19:10:08.932882,19.675501761169823,12.228379909740347,Iran-Israel 2026 (Epic Fury)
2026-02-25 19:10:08.932882,8.797788614339519,22.374405487109797,Iran-Israel 2026 (Epic Fury)
2026-02-26 19:10:08.932882,15.765466382861431,13.729394023782937,Iran-Israel 2026 (Epic Fury)
2026-02-27 19:10:08.932882,9.439782604852368,11.840099889392068,Iran-Israel 2026 (Epic Fury)
2026-02-28 19:10:08.932882,14.636204517074523,20.19725940308998,Iran-Israel 2026 (Epic Fury)
2026-03-01 19:10:08.932882,16.1263931571719,22.174047430883938,Iran-Israel 2026 (Epic Fury)
2026-03-02 19:10:08.932882,95.52274791463896,20.175468717887245,Iran-Israel 2026 (Epic Fury)
2026-03-03 19:10:08.932882,96.43030508176045,24.579840699727264,Iran-Israel 2026 (Epic Fury)
2026-03-04 19:10:08.932882,90.99738361321167,25.32604142779089,Iran-Israel 2026 (Epic Fury)
2026-03-05 19:10:08.932882,91.93577091422436,15.516399939797589,Iran-Israel 2026 (Epic Fury)
2026-03-06 19:10:08.932882,87.25658054334636,19.76296930558901,Iran-Israel 2026 (Epic Fury)
2026-03-07 19:10:08.932882,91.32621176903604,114.6218143142031,Iran-Israel 2026 (Epic Fury)
2026-03-08 19:10:08.932882,93.47836938928091,110.27168760773937,Iran-Israel 2026 (Epic Fury)
2026-03-09 19:10:08.932882,87.56079837096851,105.68135690422841,Iran-Israel 2026 (Epic Fury)
2026-03-10 19:10:08.932882,91.57151980893622,102.84901784518406,Iran-Israel 2026 (Epic Fury)
2026-03-11 19:10:08.932882,88.74329489650428,117.89480251703878,Iran-Israel 2026 (Epic Fury)
2026-03-12 19:10:08.932882,96.00694103880556,107.53241799441408,Iran-Israel 2026 (Epic Fury)
2026-03-13 19:10:08.932882,86.74775952344785,119.6343409795634,Iran-Israel 2026 (Epic Fury)
2026-03-14 19:10:08.932882,94.79244417716154,100.19279440578033,Iran-Israel 2026 (Epic Fury)
2026-03-15 19:10:08.932882,87.74718480618289,107.49609996394133,Iran-Israel 2026 (Epic Fury)
2026-03-16 19:10:08.932882,99.25002353557778,116.2585353288098,Iran-Israel 2026 (Epic Fury)
2026-03-17 19:10:08.932882,16.114808313139598,115.71505407275609,Iran-Israel 2026 (Epic Fury)
2026-03-18 19:10:08.932882,6.024770520933036,113.56815243996104,Iran-Israel 2026 (Epic Fury)
2026-03-19 19:10:08.932882,12.666099164467308,116.51395261212264,Iran-Israel 2026 (Epic Fury)
2026-03-20 19:10:08.932882,8.74334930032964,108.37363410875723,Iran-Israel 2026 (Epic Fury)
2026-03-21 19:10:08.932882,10.331098165530051,119.75855366758833,Iran-Israel 2026 (Epic Fury)
2026-03-22 19:10:08.932882,6.591056242961683,29.915105203985444,Iran-Israel 2026 (Epic Fury)
2026-03-23 19:10:08.932882,5.794849483270859,27.56270058336272,Iran-Israel 2026 (Epic Fury)
2026-03-24 19:10:08.932882,13.513988230561415,18.664205471339866,Iran-Israel 2026 (Epic Fury)
2026-03-25 19:10:08.932882,11.40157765226051,16.971456733597293,Iran-Israel 2026 (Epic Fury)
2026-03-26 19:10:08.932882,6.923699495840129,20.16408282627653,Iran-Israel 2026 (Epic Fury)
2026-03-27 19:10:08.932882,17.193443372475812,19.542768878137398,Iran-Israel 2026 (Epic Fury)
2026-03-28 19:10:08.932882,18.32865266086668,18.699239291200097,Iran-Israel 2026 (Epic Fury)
2026-03-29 19:10:08.932882,18.888100916466207,28.814174859934344,Iran-Israel 2026 (Epic Fury)
2026-03-30 19:10:08.932882,6.265844106487388,17.70540738547777,Iran-Israel 2026 (Epic Fury)
2026-03-31 19:10:08.932882,6.395800055596046,26.721764327430808,Iran-Israel 2026 (Epic Fury)
